:10000000008000201DAE0000B7AE0000B9AE0000B9
:10001000FFFFFFFFFFFFFFFFFFFFFFFFFFFFFFFFF0
:10002000FFFFFFFFFFFFFFFFFFFFFFFFBBAE000073
:10003000FFFFFFFFFFFFFFFFBDAE0000A538000080
:10004000C1AE0000C1AE0000C1AE0000C1AE0000F4
:10005000C1AE0000C1AE0000C1AE0000C1AE0000E4
:10006000C1AE0000C1AE0000C1AE000099A1000009
:10007000C1AE0000C1AE0000C1AE0000C1AE0000C4
:10008000C1AE0000C1AE0000C1AE00002D85000071
:100090005985000079A1000089A100007546000083
:1000A00099460000A9460000B9460000C1AE000014
:1000B000C1AE0000913D0000C1AE0000C1AE000025
:1000C00010B5064C2378002B07D1054B002B02D02E
:1000D000044800E000BF0123237010BD640100202C
:1000E0000000000044CC0000044B10B5002B03D0EE
:1000F0000349044800E000BF10BDC04600000000F6
:100100006801002044CC000002B47146490849004F
:10011000095C49008E4402BC7047C0460022430877
:100120008B4274D303098B425FD3030A8B4244D3BF
:10013000030B8B4228D3030C8B420DD3FF22090201
:1001400012BA030C8B4202D31212090265D0030BC0
:100150008B4219D300E0090AC30B8B4201D3CB03B6
:10016000C01A5241830B8B4201D38B03C01A5241F8
:10017000430B8B4201D34B03C01A5241030B8B42FA
:1001800001D30B03C01A5241C30A8B4201D3CB02E5
:10019000C01A5241830A8B4201D38B02C01A5241CA
:1001A000430A8B4201D34B02C01A5241030A8B42CD
:1001B00001D30B02C01A5241CDD2C3098B4201D3E5
:1001C000CB01C01A524183098B4201D38B01C01A63
:1001D000524143098B4201D34B01C01A52410309DA
:1001E0008B4201D30B01C01A5241C3088B4201D389
:1001F000CB00C01A524183088B4201D38B00C01A36
:10020000524143088B4201D34B00C01A5241411A5C
:1002100000D20146524110467047FFE701B5002069
:1002200000F0F0F802BDC0460029F7D076E770472D
:1002300003460B437FD4002243088B4274D3030947
:100240008B425FD3030A8B4244D3030B8B4228D3E8
:10025000030C8B420DD3FF22090212BA030C8B420E
:1002600002D31212090265D0030B8B4219D300E0AE
:10027000090AC30B8B4201D3CB03C01A5241830B33
:100280008B4201D38B03C01A5241430B8B4201D3E3
:100290004B03C01A5241030B8B4201D30B03C01A0C
:1002A0005241C30A8B4201D3CB02C01A5241830A86
:1002B0008B4201D38B02C01A5241430A8B4201D3B5
:1002C0004B02C01A5241030A8B4201D30B02C01ADF
:1002D0005241CDD2C3098B4201D3CB01C01A524146
:1002E00083098B4201D38B01C01A524143098B42CF
:1002F00001D34B01C01A524103098B4201D30B01B8
:10030000C01A5241C3088B4201D3CB00C01A5241DC
:1003100083088B4201D38B00C01A524143088B42A1
:1003200001D34B00C01A5241411A00D2014652413A
:10033000104670475DE0CA0F00D04942031000D359
:100340004042534000229C4603098B422DD3030AAE
:100350008B4212D3FC22890112BA030A8B420CD3BE
:10036000890192118B4208D3890192118B4204D3E7
:1003700089013AD0921100E08909C3098B4201D367
:10038000CB01C01A524183098B4201D38B01C01AA1
:10039000524143098B4201D34B01C01A5241030918
:1003A0008B4201D30B01C01A5241C3088B4201D3C7
:1003B000CB00C01A524183088B4201D38B00C01A74
:1003C0005241D9D243088B4201D34B00C01A52414B
:1003D000411A00D20146634652415B10104601D3D8
:1003E0004042002B00D54942704763465B1000D362
:1003F000404201B5002000F005F802BD0029F8D008
:1004000016E770477047C046D0400B1CD1409C4651
:10041000203AD340184352426346934018437047F2
:100420009140031C90409C46203A9340194352420D
:100430006346D340194370478446101C62468C467D
:10044000191C634600E0C0461FB501F015FF0028E7
:1004500001D40021C8421FBD10B501F06DFE40421D
:10046000013010BD10B501F007FF002801DB0020AE
:1004700010BD012010BDC04610B501F0FDFE0028E2
:1004800001DD002010BD012010BDC04610B501F0F7
:100490008FFE002801DC002010BD012010BDC046E9
:1004A00010B501F085FE002801DA002010BD012002
:1004B00010BDC0468446081C6146FFE71FB500F02A
:1004C0006DFC002801D40021C8421FBD10B500F00A
:1004D000EFFB4042013010BD10B500F05FFC00287A
:1004E00001DB002010BD012010BDC04610B500F09A
:1004F00055FC002801DD002010BD012010BDC046C4
:1005000010B500F0FDFB002801DC002010BD01202B
:1005100010BDC04610B500F0F3FB002801DA002042
:1005200010BD012010BDC046002B11D1002A0FD1F3
:10053000002900D1002802D00021C943081C07B4BB
:10054000024802A14018029003BDC046B9FEFFFF59
:1005500003B4684601B5029800F03CF8019B9E4642
:1005600002B00CBC7047C0469E2110B5C905041CE2
:10057000FFF7D0FF002803D1201C00F055FF10BD6D
:100580009E21201CC90500F08BFD00F04DFF80234B
:100590001B069C466044F2E770B500220C4B040039
:1005A0000D00FFF77DFF002804D12000290002F094
:1005B000A1FC70BD064B00222000290002F036F994
:1005C00002F098FC80231B069C466044F1E7C0467D
:1005D0000000E041F0B54F464646D646C0B504009F
:1005E00082B00D00914698468B422FD82CD04146C0
:1005F000484602F015FE29000600200002F010FE19
:10060000331A9C46203B9A4600D576E04B4652462C
:1006100093401F004B46624693401E00AF4228D8CD
:1006200025D05346A41BBD41002B00DA7BE00022FD
:10063000002300920193012352469340019301232A
:1006400062469340009318E08242D0D900220023F2
:10065000009201930A9B002B01D01C605D60009802
:10066000019902B01CBC90469946A246F0BDA34237
:10067000D7D900220023009201936346002BE9D0D2
:10068000FB079846414672080A437B0866460EE01F
:10069000AB4201D1A2420CD8A41A9D4101202419D9
:1006A0006D410021013E24184D41002E06D0AB4281
:1006B000EED9013E24196D41002EF8D10098019920
:1006C000534600196941002B23DB2B005246D340CF
:1006D0002A006446E2401C0053461500002B2DDB27
:1006E00026005746BE40330026006746BE40320013
:1006F000801A994100900191ACE7624620239B1A31
:100700004A46DA406146130042468A4017001F43BA
:1007100080E7624620239B1A2A0066469A402300FF
:10072000F3401343D4E76246202300219B1A0022A2
:10073000009101920122DA40019280E72023624673
:1007400026009B1ADE402F00B0466646B74046465C
:100750003B003343C8E7C046F8B54746CE464302A0
:100760005B0A4400C20F9C464800DD004B02240E89
:100770005B0A000E80B5984626009146C90FDB0043
:10078000271A8A4229D0002F15DD00284AD1002BD4
:1007900000D095E0ED08FF2C00D188E06B025B0AE9
:1007A000E6B25B02F605580A3043D20710430CBC90
:1007B00090469946F8BD002F00D087E0601CC0B27B
:1007C000012800DCB6E0EE1A720100D5C5E0002E6B
:1007D0003DD1002200260023E3E7002F00DC96E055
:1007E00000285DD0FF2C60D08022D20413431B2F41
:1007F00000DDECE02022D21B18009340F8405A1E86
:1008000093410343ED186B017BD50134FF2C00D1DC
:10081000B7E0012207262A406B089A4D1D40154378
:100820002E4029E0FF2CB5D08022D20413431B2F89
:1008300000DDB2E02022D21B19009340F9405A1E7D
:1008400093410B43ED1A6B015BD5AD01AE0930004E
:1008500002F0C8FC05388640844265DC041B330086
:1008600020200134E340041BA640751EAE413343F3
:1008700007261D0000241E4001224B461A40002E70
:1008800004D00F232B40042B00D004356B0100D47F
:1008900080E70134E6B2FF2C2FD1FF26002380E74A
:1008A000002B52D1FF2C00D074E70A00ED08002D78
:1008B000F3D08023DB032B435B025B0AFF2670E748
:1008C000013F002FBED0FF2CB1D163E7002C47D0F1
:1008D000FF2869D08024E4047A4225431B2A00DDE6
:1008E000C5E02C002026D440B21A95406A1E9541DE
:1008F00025435D1B04008946A5E7AB015B0A50E771
:10090000002401224B461A406B07BAD142E7002F60
:100910003BD10134E0B201284ADDFF2CBDD00726CF
:10092000ED186D082E40A7E70723574D241A3540D0
:100930001E40A1E7002C1BD1002D6ED1002B00D151
:100940009AE00A001D003C0024E7013F002F00D17F
:1009500058E7FF2C00D04AE7A7E75E1B894676E7F9
:10096000002D1CD10A00FF281FD004001D0011E734
:10097000002D5DD1002B17D180230022DB03FF2641
:100980000FE70A00FF2600230BE7002C21D1002DE2
:1009900066D1FF28E9D11D0087E7012352E77A1CC1
:1009A000A7D0FA43FF2899D10A001D00FF24F1E6E1
:1009B000002E21D1002D4FD0002B4CD0ED186B0113
:1009C0009ED5314B07362E4001241D4054E70123AC
:1009D00018E7FF28DFD08024E4047F4225431B2F43
:1009E0004DDC2026F61B2C00B540FC406A1E9541CC
:1009F0002543ED18040006E7002DCCD0002B00D1D4
:100A000053E780216046C903084203D040460842AC
:100A100000D11D000121114047E7002B00D1B9E6AC
:100A2000EA1A500125D507265D1B2E40894623E78B
:100A3000FF24002B00D1ADE680226046D203104295
:100A400004D04046104201D11D00894601224B4688
:100A5000FF241A409EE62B00DD080A0000249DE6D4
:100A60007A1CC6D0FF43FF28B9D11D001DE7012520
:100A70003FE7151E00D044E70022002391E6012540
:100A8000B7E7C046FFFFFF7DFFFFFFFBF8B5574606
:100A90004E464546DE464402E0B546008846640AB6
:100AA000360EC70F002E63D0FF2E24D08023E40023
:100AB000DB041C43002399469B467F3E4346424647
:100AC0005D02D20F5B006D0A1B0E9046924665D008
:100AD000FF2B55D080220021ED00D2047F3B15432F
:100AE000F61A43464A467B400F2A00D98DE06D48EE
:100AF000920082589746002C54D108239946063B11
:100B0000FF269B46DAE70025534602291BD003291E
:100B100000D1BFE0012928D030007F30002820DD3F
:100B20006A0704D00F222A40042A00D004352A0183
:100B300003D530005C4A80301540FE2803DCAC0150
:100B4000640AC2B201E0FF2200246402D205600AF6
:100B5000DB07104318433CBC90469946A246AB467F
:100B6000F8BD0122101A1B287CDD00220024ECE7CE
:100B7000002C1DD104239946033B00269B469DE78C
:100B8000FF3E002D20D1022143464A467B400A43C6
:100B90000F2AD8D84548920082589746002D19D17F
:100BA0000121F1E70C239946093BFF269B4685E787
:100BB000200002F017FB7626431F9C40002376425C
:100BC000361A99469B4679E74A4603231A439146CB
:100BD000032186E7280002F005FB431F36189D40DD
:100BE000763600217DE780240023E403FF22ACE772
:100BF00000258023DB031C4228D01D4226D12B4335
:100C00005C02640A4346FF229FE762016C01A24234
:100C100024D21B210025013E012710006D00520047
:100C2000002801DB944201D8121B3D430139002901
:100C3000F3D11400621E944125436DE7BA4659462C
:100C400025005346022900D061E77CE78023DB03BF
:100C50001C436402640A3B00FF2276E7121B1A2140
:100C60000125D9E79E362A00B5402C00C240651EFA
:100C7000AC411443620704D00F222240042A00D062
:100C80000434620103D4A401640A00225DE7012256
:100C900000245AE78024E4032C436402640AFF2200
:100CA00053E7C04674CC0000FFFFFFF7B4CC000050
:100CB00070B542004E024C0045026D0A120EC30F81
:100CC000760A240EC90FFF2A0FD0FF2C11D0012065
:100CD000A24200D070BDB542FCD18B420DD0002A9B
:100CE000F8D12800451EA841F4E70120002DF1D1DC
:100CF000EBE70120002EEDD1E9E70020EAE7C0464E
:100D000070B54A004E02450244006D0A240EC30F1E
:100D1000760A120EC90FFF2C15D0FF2A0ED0002C18
:100D200015D1002A01D1002E1CD0002D14D08B42E9
:100D300027D00220013B1840013870BD002EEED0B4
:100D400002204042F9E7002DFAD1FF2A0ED0002AF6
:100D50000ED1002EEDD00BE001230139994308009C
:100D60000130EAE70020002DE7D0E2E7002EE7D1CE
:100D70008B42DED1944205DD0221581E0840013825
:100D8000DBE70024A24204DCB542D2D80020B54201
:100D9000D3D2581E012398430130CEE730B542002C
:100DA00044024D02C30F4800640A120E6D0A000E81
:100DB000C90FFF2A12D0FF280CD0002A12D1002818
:100DC00019D1002D17D1002C2BD00220013B184047
:100DD000013826E0002DF0D0022022E0002CFBD1CB
:100DE000FF281FD000281FD1002D1DD10220013B5C
:100DF0001840013815E0002C0ED08B42E5D10022BE
:100E0000904204DCAC42E0D80020AC4209D2581E2B
:100E100001239843013004E001230139994308007C
:100E2000013030BD002DD7D18B42CED18242E7DDDB
:100E30000221581E08400138F3E7C046F0B54E467F
:100E400057464546DE46E0B543025B0A450083B09F
:100E50000F1C99462D0EC60F002D57D0FF2D24D004
:100E60008020DB00C0041843002381469A469B463D
:100E70007F3D7C027A00FB0F640A120E984623D055
:100E8000FF2A4BD0E30080240020E4047F3A1C4377
:100E9000AD186B1C47460193534677403A000F2B21
:100EA00048D87D499B00CB589F46002B00D085E059
:100EB00008339A46063B9B467C027A00FB0FFF25CF
:100EC000640A120E9846DBD1002C00D090E0524606
:100ED00001231A4392460120DBE74C46584617008F
:100EE000022824D0032800D1CFE0002200230128CB
:100EF0004DD15802D205400AFF071043384303B0D2
:100F00003CBC90469946A246AB46F0BD002B5BD157
:100F100004239A46033B00259B46AAE7FF35002C95
:100F200060D1524602231A4392460220B1E7FF22C3
:100F30000023DEE74B461B0C9C464B462604360C32
:100F4000180461463300220C6446000C43434E43B0
:100F50005043544380191A0C1218964203D9802129
:100F600049028C4664441B041B0C1004C018830106
:100F70005E1EB341800E1843130C1B199B010343E3
:100F80001C00230179D5012362081C401443019AF7
:100F90007F32002A4DDD630704D00F232340042B4A
:100FA00000D00434230103D53C4B019A1C4080320D
:100FB000FE2ABCDCA3015B0AD2B29AE70C239A4654
:100FC000093BFF259B4654E7180002F00BF94A46FF
:100FD000431F76259A4000236D4291462D1A9A466A
:100FE0009B4646E7524603231A439246032050E7A6
:100FF000200002F0F7F8431F2D1A9C40763D002098
:1010000047E780230027DB03FF2272E7424666E7BB
:101010004C463200584662E780234A46DB031A42B8
:1010200022D01C4220D123435B025B0A4746FF22A9
:101030005FE701239A1A1B2A21DC23000199D34080
:101040009E318C401A0023005C1EA34113435A07B3
:1010500004D00F221A40042A00D004335A0111D4BC
:101060009B015B0A002244E780234A46DB031343CB
:101070005B025B0A3700FF223BE7019587E700220E
:10108000002336E70122002333E78023DB032343D9
:101090005B025B0AFF222CE7F4CC0000FFFFFFF7A6
:1010A000F8B54746CE464400C20F80B54702480215
:1010B000400A8446664648007F0A240EF600250052
:1010C0009046FB00000EC90FB146FF2800D185E015
:1010D00001267140261A914257D0002E43DD002888
:1010E00000D07FE04946002900D1AAE0013E002E51
:1010F00000D0F7E05B1A5A0100D48BE09B019C09F9
:10110000200002F06FF805388440854200DDD3E00E
:10111000451B230020200135EB40451BAC40621EDF
:1011200094412343072400251C40012241460A40E4
:10113000002C04D00F211940042900D00433590198
:1011400000D480E00135ECB2FF2D00D0A3E0FF24F5
:1011500000235B02E405580AD207204310430CBC6D
:1011600090469946F8BD002E74D1601CC0B201288B
:1011700000DCA7E04A469C1A620100D5B6E0002CCC
:10118000BED1002200240023E3E7002E00DC85E02E
:10119000002846D0FF2C49D080224846D204104374
:1011A000814601221B2E09DC20204C46801B8440F6
:1011B0004A462000F240441EA04102439B185A01B7
:1011C00028D50135FF2D00D1A8E00122072494493C
:1011D0001A405B080B4013431C40A6E7002E00D0CA
:1011E00078E775E7FF2C54D080224946D20411439A
:1011F000894601221B2E09DC20214846891B884094
:101200004A460100F240481E81410A439B1A5A0196
:1012100000D573E7012241460A40590700D089E70B
:1012200011E04846002858D1FF2C0CD1DB08002BD8
:1012300000D18CE78020C00303435B025B0AFF24DC
:1012400087E7FF2C25D0DB08FF2DF0D05B025B0A7F
:10125000ECB27EE7002C4DD0FF2818D08024E404A7
:10126000724223431B2A00DDC4E01C002025D44029
:10127000AA1A93405A1E934123434A460500D31AA3
:10128000884638E7721CF8D0F243FF28EAD10A00FA
:101290004B46FF25D7E79B015B0A5AE7002E41D159
:1012A000651CE9B2012945DDFF2D00D14FE7072478
:1012B0004B445B081C4038E707225A4B2D1A234049
:1012C000144032E7002C1DD1002B7AD14B46002B65
:1012D00000D191E00A000025B5E7013E002E19D1AA
:1012E0004B446CE7FF2C84D1FF25ACE74A46884687
:1012F000D41A05E7002BC5D10A00FF28C8D0050085
:101300004B46A0E7002B49D14B46002B77D00A0073
:10131000FF2598E7FF2C00D043E787E70A00FF246A
:10132000002316E7002C15D1002B57D1FF28E6D15A
:101330004B467BE7002C20D1002B57D04946002993
:1013400053D04B445A0168D50724364A1C40012526
:101350001340EAE6FF28EBD08022D2047642134302
:101360001B2E53DC2025AD1B1A00AB40F2405C1E47
:10137000A34113434B44050021E7002BD8D0494635
:10138000002900D152E78021C9030F4200D14DE767
:101390006046084200D049E74B4647E74846FF25EC
:1013A000002800D14FE78022D203174204D06046C4
:1013B000104201D14B46884601224146FF250A4092
:1013C00041E7484600281FD01A1A500120D54A4646
:1013D0000724D31A1C4088460025A6E6741CC9D0F1
:1013E000F643FF28BCD14B4620E799464B460025E3
:1013F000DB082BE7012340E700220023A9E6802336
:101400000022DB03FF24A4E600251CE70123B1E74B
:10141000002AF1D013000025FCE60025FAE6C046BC
:10142000FFFFFF7DFFFFFFFB41024200C30F490AA0
:10143000120E00207E2A0DD99D2A0CD8802000048F
:101440000143952A0ADC9620821AD1404842002B9B
:1014500000D108007047034A9818FBE7963A91407C
:10146000F4E7C046FFFFFF7F70B500283DD0C317EB
:10147000C5185D40C40F280001F0B4FE9E22121A68
:10148000962A07DCD2B2082833DD08388540680286
:10149000400A23E0992A0BDD052329001B1AD940B5
:1014A00003001B339D402B005D1EAB4119430D0013
:1014B000052801DD431F9D402B000F490B406E079F
:1014C00009D00F263540042D05D004335D0102D527
:1014D0009F220B40121A9B01580AD2B24002D20539
:1014E000400AE4071043204370BD0024002200207E
:1014F000F4E76802400AF1E7FFFFFFFBF0B54F4653
:101500004646D6460C000903C0B5490A470F5E009F
:1015100039431F03DB0F9C4665007B0A570F1F43AF
:101520006D0DE40F760DA146C000B846D200AB1B8E
:1015300064457BD0002B5FDD002E00D0A4E03E0090
:10154000164300D112E15E1E002E00D09EE1871AE4
:101550004346B84280410125C91A4042091A0B028C
:1015600000D431E149024E0A002E00D16EE1300074
:1015700001F038FE0300083B1F2B00DD61E1202253
:101580003900D21A9E40D1409F400E439D4200DD5B
:1015900051E15D1B6B1C1F2B00DD7CE12021C91A72
:1015A0003D0030008F408840DD40791E8F41310082
:1015B00007222843D940002507433A40002A09D092
:1015C0000F233B40042B05D03B1DBB42BF417F4254
:1015D000C9191F000B0200D426E26A1CC64B550530
:1015E0006D0D9A4200D106E1C44AFF080A40530734
:1015F00052023B43120B8EE0002B00D0B8E06B1C74
:101600005B055B0D012B00DC30E1871A4346B842D5
:10161000B641CB1A76429E1B330200D54CE13B000B
:101620003343A1D100220024002570E0002B00DC10
:10163000E5E0002E00D183E0AF4EB54260D08026B9
:1016400036043743B846382B00DC3EE143461343AB
:101650001F007A1E97413F18874280414042091877
:101660000B0200D4B0E0A44B01359D4200D1C3E091
:10167000A24A7B080A4001210F401F435108D307AB
:1016800007221F433A4099E79B4EB54238D0802647
:1016900036043743B846382B00DDDCE01F2B00DC76
:1016A00030E11E004746203EF740BC46202B04D0C8
:1016B0004026F31A46469E403243170063467A1E80
:1016C00097411F43CCE0002B00D104E24346134373
:1016D00000D159E14B07C00818438023C9081B03F8
:1016E000194208D04546ED081D4204D14346D008B2
:1016F000590708432900420FC9007F4D1143C0001C
:101700004B07CA087C49C00803438D4268D01203C6
:101710006D05120B6D0D002112031800130B0A0D3D
:1017200012051A43764B2D0513402B435B00E4074B
:101730005B08234319001CBC90469946A246F0BDA5
:101740003E00164312D05E1E002E00D000E1871826
:101750008742804141444042091801250B0233D59C
:10176000022585E764463300414610001D00C7E7A7
:10177000002D00D0DAE00C000443F3D05C1C00D153
:101780009FE15D4CA64200D12FE1DB43382B00DD09
:1017900066E11F2B00DD83E120240500E41A0F0021
:1017A000DD40D940A0404346A7405B1A441EA041FB
:1017B00098462F433843171ABA4292414346524241
:1017C000991A64463500CAE607223A40002A00D03A
:1017D000F6E64B07CA084849FF083B438D4296D1BD
:1017E0001900114300D19EE1802109030A4312032D
:1017F000120B414D8FE71500002200238BE7002BD1
:1018000000D0C7E06B1C5F057F0D012F00DCF1E00D
:10181000394DAB4200D1B9E085180A0085428941B3
:101820004244494251180722CF076D082F43490807
:101830003A401D00C2E607223049ED1A31403A40D5
:10184000BCE63E002838864000279FE6380001F0BD
:10185000C9FC20308EE6434613431F007A1E974191
:10186000C71BB84280414042091A78E60E003B008F
:1018700006431343002D61D1002E00D0F4E0002B6D
:1018800000D11BE164463900100039E71A4FBB4212
:101890007AD03300FFE630001F3DE840202B03D014
:1018A0004021CB1A9E4037437B1E9F4107220743AE
:1018B0003A400021002589E7171A4346BA42B6414B
:1018C000591A76428E1B64464EE61F2B00DDADE0B2
:1018D00020264746F61AB740B9461700B246DF4001
:1018E0004E463E4337005646B240561EB24117435D
:1018F0004246DA408918AEE6FF070000FFFF7FFF8F
:10190000FFFF0F8020264746F61AB740B94617005A
:10191000B246DF404E463E4337005646B240561E62
:10192000B24117434246DA40891A99E77F4CA642F2
:101930005BD0802424045B42214327E7002E0CD196
:10194000002B00D1CBE0644639001000774DD7E67C
:10195000764FBB4218D0330075E6002B14D04B07EE
:10196000C00818438023C9081B03194207D0FC088C
:101970001C4204D17907D0080843E14621004C46B7
:10198000420FC9001143C000684DB9E61D00002296
:101990000023C0E6002D5BD10D00054300D1E2E637
:1019A0005D1C00D1B0E0614DAE421FD0DB43382B4F
:1019B00071DC1F2B00DD96E020250F00ED1AAF40F3
:1019C000B9460700AA46DF404D463D432F00554625
:1019D000A840D940451EA84188440743BF189742F4
:1019E00092415142414435003AE664463500414651
:1019F000100085E60B000343002D00D063E6002BAA
:101A0000F5D04346134300D17AE6871887428041D8
:101A100007224144404209183A400B0200D4D5E65F
:101A2000434B01351940C9E5380069E61E004746B9
:101A3000203EF740BC46202B04D04026F31A4646F1
:101A40009E403243170063467A1E97411F4302E6C9
:101A5000364DAE42CAD080252D045B422943A6E70D
:101A60000843411E8841A6E6002B00D148E6871AAC
:101A70004346B842B641CB1A76429E1B33024BD541
:101A8000171A4346BA429241591A5242891A0722FA
:101A900064463A4092E501430F00791E8F419DE76D
:101AA0001C000F00203CE740202B03D04024E31A09
:101AB00099400843411E884138437CE600220024B7
:101AC00025E6171A4346BA429241591A5242891AD8
:101AD0006446350043E541461000144D10E680226F
:101AE0000024120380E61D000F00203DEF40BC469D
:101AF000202B03D04025EB1A99400843070063468A
:101B0000781E87411F4369E7871897429B414144EC
:101B10005B42C9183500A3E53B003343CED0072212
:101B200031003A4052E600231A00F4E5FF070000B6
:101B3000FFFF7FFFF0B55746DE464E464546E0B50F
:101B4000834607000E03480085B092461C00360B02
:101B5000400DCD0F002800D19DE0954B984239D023
:101B60008023F6001B041E43924A7B0F33439946A1
:101B7000944603006344009300230026FF00029371
:101B800023031B0B98466300E40F52465B0D019440
:101B900000D1B3E086498B4200D19EE04246D1009D
:101BA000802212040A435146490F11438B46814952
:101BB00052468C4600996344CB1A0021D200009310
:101BC0002B0063409A460F2E00D905E17A4BB600F0
:101BD0009B599F465B463343994600D0B8E00223A9
:101BE0000826002700900293CAE7CB463A000299E4
:101BF0000195019B9A46022927D0032900D180E252
:101C0000012944D06D49009B8C4663441C00002C84
:101C100038DD530700D013E2D2085B46DB0109D55B
:101C20005946674B19408B468021C9008C46009B62
:101C300063441C00634B9C4207DC5B4664055F0702
:101C40005B0217431B0B620D02E000230027584A7A
:101C500000211B031C0B0B0D1B05234314055A4AC3
:101C6000380013401C4353466400DB0764081C43E0
:101C7000210005B03CBC90469946A246AB46F0BD5B
:101C80000122524201231B1B382B00DCADE1002254
:101C900000230027DCE75B46334399465ED0002EE5
:101CA00000D18AE1300001F09DFA03000B3B1C2BB0
:101CB00000DD7BE11D22D31A5A460100DA400839C3
:101CC0008E4013005F46334399468F403F4B0026BA
:101CD0001B1A00930023029352E7414653460B43DD
:101CE0003B499B468C46009B634400935B46002B1C
:101CF0003BD1022300221E43022161E743461343E6
:101D00009B4637D04346002B00D162E1404601F0AC
:101D100069FA03000B3B1C2B00DD53E10200414636
:101D2000083A914088461D21CB1A5146D9400B00F4
:101D300041460B439B46534693401A00009B25495E
:101D40009C46604403008C4663440093002137E7BF
:101D50000323B14600900C26029311E70023009361
:101D600001330426002702930AE70323C3461E43D8
:101D7000032125E701331E430022012120E7002330
:101D80009A46802300271B03094A61E780234946BE
:101D90001B03194200D1E2E05946194200D0DEE0AF
:101DA0000B431B0317001B0BA246014A50E7C0461A
:101DB000FF07000001FCFFFF34CD0000FF0300001F
:101DC000FFFFFFFEFE070000FFFF0F800DFCFFFF7F
:101DD00001F8FFFFF3030000D94500D9CBE000D1A3
:101DE000C6E03C0048460027009B013B00935B4651
:101DF000160E1B021E431302984633041B0C994611
:101E0000310C0191FEF710FA4A4642430B04210CB3
:101E1000050019438A4207D98919013D8E4203D82A
:101E20008A4201D9851E8919881A0199FEF7FCF9A1
:101E300009048C464A46210464464243090C0300C7
:101E400021438A4204D98919013B8E4200D8F1E02E
:101E50002D041D43AB464346891A4246280C120402
:101E60001D0C5B46140C22001B041B0C5A430394EC
:101E70006B434443029568431B19150CEB189C42B5
:101E800003D980246402A44660441C0C15041B047E
:101E90002D0C20185D19814277D373D00C1AA24AF9
:101EA0007D1BAF42BF419446009B7F426344E01BD1
:101EB0001C00864200D1DBE00199FEF7B5F94A46E5
:101EC00042430B04290C070019438A4207D9891998
:101ED000013F8E4203D88A4201D9871E8919881A88
:101EE0000199FEF7A1F909044A46894629044D469D
:101EF0004243090C030029438A4207D98919013B4F
:101F00008E4203D88A4201D9831E89193F04891A57
:101F10003A00039F1A43380013041B0C58438146B0
:101F20000298150C6F43434345434846000C8446D2
:101F3000DB1963449F4203D98020400284466544F4
:101F400048461F0C00041B04000C7D191818A942F8
:101F500000D284E000D17FE001231A4357E68023BA
:101F60004A461B0313431B031B0BAA466F4A6FE62B
:101F7000BA4200D935E74B46DC0758087B081C43BA
:101F8000FF0734E70024AF4289D247444745A441C4
:101F90005B466442A4196418013BA6421ED2A042CB
:101FA0006DD800D1B6E0241A9B4678E703005A4664
:101FB000283B9A400027914688E6584601F012F9DE
:101FC000203072E603005246283B9A409346002296
:101FD000B4E6504601F006F920309AE6A642E2D176
:101FE000B845DCD9341A9B4659E71F2B65DC504CA9
:101FF0000099A4465C46614408008C401100824070
:10200000D940501E82410C4314435A46DA40130013
:10201000620709D00F222240042A05D02200141D95
:102020009442894149425B181A0262D50122002379
:1020300000270DE68A4200D80AE7831E891907E7C0
:102040000F231340042B00D1E6E5171D9742924160
:1020500053429B44FA08E0E5002800D1D7E5711807
:10206000531EB14227D3A94215D358D01A0073E7A3
:10207000002B00DC04E6012300229B44CDE5022373
:102080004744474589415B429C46494289190C199E
:10209000E344241A03E743465F0047459B41B846A3
:1020A0005B429E19023A8919A94200D054E7404583
:1020B00000D051E7ABE51A00F6E71F215F46494221
:1020C0000C1BE740202B07D01A49009B8C46634429
:1020D00018005B4683401A43501E82413A4307274B
:1020E0000023174009D00F210023114014000429B8
:1020F00095D122005F075B021B0BD2081743002219
:10210000A6E5802359461B030B431B0317001B0B3B
:10211000064A9DE5BD42B2D89B460024BFE68045F5
:10212000B9D31A00C3E7C046FF030000FF07000051
:102130001E0400003E040000F0B54F464646D64659
:102140008446C0B58046194E18030F034D00000B9E
:102150005C0082463F0B6D0DC90F9146640DDB0F8D
:102160000120B5420AD0B44203D0A54201D157455F
:102170000CD01CBC90469946A246F0BD66463E4334
:10218000F7D1AC42F5D154461443F2D10120C845F1
:10219000EFD1994207D0002DEBD163461F433800A1
:1021A000471EB841E5E70020E3E7C046FF0700000F
:1021B000F0B54F464646D6464D00C0B50E03C90F92
:1021C0008A462C491F035C008046360B6D0D9146F4
:1021D0003F0B640DDB0F8D421ED08C4216D0002DBC
:1021E0001ED130438446002C01D13A4323D06246AD
:1021F000002A1AD09A4529D05146022001390840B8
:1022000001381CBC90469946A246F0BD39001143E6
:10221000E5D002204042F4E73043FAD1AC420FD07F
:10222000002C0FD13A43E7D00CE00122013B93434D
:1022300018000130E5E763460020002BE1D0DBE722
:102240003A43E6D19A45D7D1A542D5DCA54205DB74
:10225000BE42D1D808D00020BE42D2D2504601237F
:10226000013898430130CCE7C845C5D80020C8459F
:10227000F4D3C6E7FF070000F0B54F464646D64602
:102280004D00C0B50E03C90F8A462E491F035C00DE
:102290008046360B6D0D91463F0B640DDB0F8D4272
:1022A00018D08C4211D0002D18D130438446002C18
:1022B0001ED13A431CD163460020002B30D051463A
:1022C00002200139084001382AE039001143EAD0E0
:1022D000022025E03043FBD1AC4226D0002C26D191
:1022E0003A4324D15146022001390840013817E011
:1022F0006246002A0FD09A45E1D1A54205DBBE42D5
:10230000DDD819D00020BE420AD250460123013840
:102310009843013004E00122013B9343180001304F
:102320001CBC90469946A246F0BD3A43D0D19A458E
:10233000C5D1A542C3DCE0E7C845C0D80020C845E8
:10234000E3D3EDE7FF070000F0B55746DE464E4603
:102350004546E0B5834606000F03480087B0924625
:102360001D003F0B400DCC0F002800D16FE0DE4B6D
:10237000984238D08023FF001B041F43730F3B4358
:102380000193DA4B0027994600239B46F6008144CF
:102390002B0369001B0B52469846490DED0F00298F
:1023A00000D185E0D04B994200D173E04346DA007A
:1023B00080231B0413435246CC48520F84461343D8
:1023C000524600206144D2008944210069400091B6
:1023D0008C46012149448A460F2F00D990E0C44918
:1023E000BF00CF59BF465B463B43019300D06AE133
:1023F00002230827002681469B46C9E7320058463B
:10240000019B61460091022800D175E0032800D1AC
:10241000FEE1012800D02CE1002300270026002542
:102420003F032A0D3F0BB34812053A4302401B05F8
:102430001343009A5B00D1075B080B43300019007F
:1024400007B03CBC90469946A246AB46F0BD5B4601
:102450003B43019300D12FE1002F00D1A5E13800CB
:1024600000F0C0FE03000B3B1C2B00DD96E11D229B
:10247000D31A5A460100DA405E4608398F401300ED
:102480008E403B4301939C4B00271B1A9946002327
:102490009B467DE7414653460B4393498C46E144B6
:1024A000002B00D01AE102220220174300228CE701
:1024B000134300D10DE14346002B00D181E140469A
:1024C00000F090FE02000B3A1C2A00DD72E10100D0
:1024D000434608398B4098461D239A1A5346D340E9
:1024E0001A004346134352468A404946081A824915
:1024F00089468144002068E77B4B002700268EE751
:10250000140C1204120C1100370C3604350C7943EC
:1025100028008C462E0060436044834656432100C9
:10252000300C80465846794340440291844506D990
:102530008846802149028C46E04441460291360497
:10254000010C360C00048B4681191E0C1B041B0C5D
:102550000391190079438C46280075436544A846C9
:102560005843050C45447743A94203D980214902C9
:102570008C466744290C8C4639000004000C2D045D
:102580002D186144AB4405915946049101990F04FB
:102590003F0C080C390051434243904602008C46E0
:1025A000090C8B4662437C4344445C44A04503D9F8
:1025B0008021490288464244210C8846614609042C
:1025C000090C8C4639005943434370437E430F0C3A
:1025D000F6182404BE19644442448C46B34203D91D
:1025E00080235B0298464044029B61469846049BC8
:1025F000370443449B46AB45AD416B420D040599FE
:102600002D0C8C467F196744FD18A8465D462D1990
:10261000A542A44193466442A446C344DC448F428D
:10262000BF4198459B4193459241A445A4415B42DB
:102630007F421F43360C52426442BF192243BF18E7
:10264000624638184302D20D039913436A020A43C3
:10265000501E82416146ED0D2A434E023243D9019C
:1026600000D4B3E00126500832400243DE07324373
:102670005B08224C5444002C62DD510709D00F2026
:102680001040042805D0101D9042924152429B18E0
:102690000200D90104D580241948E40003405444C1
:1026A0001848844200DD27E75E075B02D2081F0B53
:1026B000630516435B0DB2E60023994601330427F8
:1026C00000269B4664E60323019781460C279B4620
:1026D0005EE6012201201743002276E60323032051
:1026E0001F43434671E6C046FF07000001FCFFFFA1
:1026F00074CD0000FFFF0F800DFCFFFFFF03000003
:10270000FFFFFFFEFE0700000023802700933F032A
:102710000026434B83E6019B3200A446584670E6F0
:10272000AC466EE6802701993F0339422DD03B42EB
:102730002BD11F433F033F0B00951600384B6EE62D
:1027400001252D1B382D00DD66E61F2D40DC3548A8
:102750001C005044160082408440EE40501E8241CE
:1027600034431443EB40620709D00F222240042A6D
:1027700005D02200141D9442804140421B181A02C9
:102780003ED501230027002649E68027019B3F0311
:102790001F433F033F0B0094214B40E603005A4682
:1027A000283B9A40002601926DE6584600F01AFD3B
:1027B000203057E603005246283B9A40130000227F
:1027C00093E6504600F00EFD20307BE6CA4650E707
:1027D0001F201E004042041BE640202D03D0124C57
:1027E0005444A3401A43501E824132430726002717
:1027F000164009D00F200023104014000428B9D13E
:1028000022005E075B021F0BD2081643002306E678
:1028100080273F031F433F033F0B1600004BFEE59D
:10282000FF0700001E0400003E040000F8B55746F4
:102830004E464546DE460C000903E0B5490A460F00
:102840005F0031431E03DB0F760A9B46530F334371
:10285000C84E6500C000E40FD2006D0DA24681464F
:102860007F0D9C469046B74200D1B9E05B460126F9
:1028700073409B46EE1BA34500D183E0002E63DD31
:10288000002F00D0B1E06346134300D123E1731E53
:10289000002B00D0BAE1861A6346B0428041012580
:1028A000C91A4042091A0B0200D447E149024B0AF7
:1028B00098464346002B00D189E1404600F092FC47
:1028C0000300083B1F2B00DD7CE120223000D21AE0
:1028D0004146D040994002009E400A439D4200DD9F
:1028E0006AE15D1B6B1C1F2B00DD94E120211000B1
:1028F0003500C91A8E40DA408840DD40711E8E4195
:10290000110007222843002506433240002A09D03F
:102910000F233340042B05D0331DB342B64176421A
:1029200089191E000B0200D43DE26A1C914B55052B
:102930006D0D9A4200D119E18F4AF6080A405707F7
:1029400052023743120B9BE0002E00D0C5E06E1CF4
:102950007605760D012E00DC48E16746861ACB1B12
:10296000B042BF417F42B8461F004346FF1A3B00BA
:10297000B8461B0200D55FE137439AD100220024FC
:10298000002579E0002E00DCFAE0002F00D18DE078
:10299000784B9D4267D0802367461B041F43BC468B
:1029A000382E00DC52E1634613435A1E93411E1831
:1029B00086428041404209180B0200D4BEE06D4BB4
:1029C00001359D4200D1D2E06B4A73080A400121D3
:1029D0000E401E435108D30707221E43324095E79D
:1029E0001E00164300D045E740E7624B9D423AD0B7
:1029F000802367461B041F43BC46382E00DDEBE0F6
:102A00001F2E00DC3AE133006746203BDF403B00ED
:102A1000202E05D04027BF1B6646BE40324390465D
:102A20004646721E96413343DAE0002B00D114E291
:102A30006346134300D168E180234E07C008C908EC
:102A40001B030643194208D06046C008184204D14F
:102A500063460100D2085E071643F3009946C90099
:102A6000720F444D11434B46DE08424B4F0737432C
:102A7000CA089D4200D16EE012036D05120B6D0D68
:102A800000211203130B0A0D12051A433B4B2D05AF
:102A900013402B435B00E4075B0823433800190015
:102AA0003CBC90469946A246AB46F8BD63461343EC
:102AB00011D0731E002B00D007E18618864280419A
:102AC00061444042091801250B0237D502257BE7F6
:102AD0003E00614691463500C5E75C46002D00D0BA
:102AE000E1E00B000343F3D0731C00D1ACE1214BB8
:102AF0009F4200D13AE1F343382B00DD6FE11F2BF9
:102B000000DD8CE120250E00ED1AAE40B046060037
:102B1000AA46DE40454635432E005546D940A840DA
:102B20006346451EA8415B1A9C463043161AB242C2
:102B3000924163465242991A3D00B4E60722324060
:102B4000002A00D0E4E60B4BF6084F073743CA08CB
:102B50009D4200D090E73B00134300D1A6E18023C3
:102B60001B031A431203120B024D89E715000022C2
:102B7000002785E7FF070000FFFF7FFFFFFF0F80B3
:102B8000002E00D0C7E06B1C5E05760D012E00DC28
:102B9000F0E0C84DAB4200D1B9E085180A0085428B
:102BA00089416244494251180722CE076D082E43DD
:102BB000490832401D00A9E6BF49ED1A114007221D
:102BC0003240A3E6320028388240002686E63000F4
:102BD00000F008FB203073E6634613435A1E93410E
:102BE000C61AB04280414042091A5CE60E006746B0
:102BF00006431743002D5ED1002E00D0F3E0002FD6
:102C000000D11EE15C46614691462CE7A94FBE42C9
:102C10007BD01E00F1E610001F3DE840202B03D0C2
:102C20004021CB1A9A401643731E9E410722064349
:102C300032400021002583E7161A6346B2428041E4
:102C4000591A40420B1A98465C4632E61F2E00DDA8
:102C5000ABE02027BB1B9A4663465746BB409946CC
:102C600013004F46F3401F433B005746BA40571EE0
:102C7000BA4113436246F240891898E62027BB1BED
:102C80009A4663465746BB40994613004F46F34069
:102C90001F433B005746BA40571EBA411343624692
:102CA000F240891A9CE7834B9F425FD080252D0418
:102CB0007342294320E7002E0CD1002F00D1D0E031
:102CC0005C46614691467B4DCDE67A4FBE421CD0B4
:102CD0001E0065E6002F18D0C0084E07064380206E
:102CE000C9080003014208D06346DC08044204D14D
:102CF0002100DA46D2085E071643F3009946012404
:102D00005346C900720F11431C406A4DABE61D00CB
:102D100000220027B4E6002D59D10B00034300D157
:102D2000D6E6731C00D1B2E0624B9F421ED0F34343
:102D3000382B6FDC1F2B00DD97E020250E00ED1AED
:102D4000AE40B0460600AA46DE40454635432E005A
:102D50005546A840D940451EA8418C440643B618A4
:102D600096429241514261443D0025E63D00614654
:102D7000914678E60B000343002D00D055E6002B6A
:102D8000F5D06346134300D16DE686188642804134
:102D900061444042091800220B0200D4D0E6464BA1
:102DA00001351940B2E5B1465DE633006746203B88
:102DB000DF403B00202E05D04027BF1B6646BE40AB
:102DC000324390464646721E96413343EFE5394BF7
:102DD0009F42CBD080252D0473422943A8E70843A6
:102DE000411E8841A2E6002F00D13CE66346861AC8
:102DF000CF1AB0429B415B42FB1A98461B024ED54C
:102E0000161A6346B2429241591A5242891A5C46D6
:102E100000227BE501430E00711E8E419FE71D00DD
:102E20000E00203DEE40B046202B04D04025EB1A8A
:102E300099400843814648464346411E884118430D
:102E400074E60022002417E6161A6346B242924145
:102E5000591A5242891A3D0025E561469146154DA1
:102E600001E680220024120379E61D000E00203DB9
:102E7000EE40B046202B04D04025EB1A9940084381
:102E800081464E464346711E8E411E4367E78618B3
:102E900096429B4161445B42C9183D008CE5474620
:102EA0003743CED007224146324049E600273A0058
:102EB000E6E5C046FF070000FFFF7FFF70B50C4E40
:102EC0000D031C0349005B002D0B490D240B5B0D0A
:102ED000B14208D0064900208B4203D114432000A0
:102EE000441EA04170BD05430120002DFAD1F1E739
:102EF000FF07000030B5144D0A034B00120B5B0DA9
:102F0000C90F0024AB4211DD104CA34210DC802419
:102F1000640322430E4CE41A1F2C0CDD0D48C31A27
:102F2000DA4013005C42002900D11C00200030BDB3
:102F3000094BCC18FAE7094DE040AC4663449A408F
:102F400013000343EEE7C046FE0300001D0400002B
:102F50003304000013040000FFFFFF7FEDFBFFFFC1
:102F600070B500282DD0C317C5185D40C40F2800C8
:102F700000F038F9154B1B1A5B055B0D0A2815DDAF
:102F80000B38854000222D032D0B002110002D034E
:102F90000A0D2D0B12052A430D4D1B052A40134324
:102FA0005B00E4075B082343190070BD02002900A1
:102FB000153291400A000B21081AC5402D032D0B34
:102FC000E3E70024002300250022DEE71E040000C2
:102FD000FFFF0F8010B5041E25D000F003F9144B3D
:102FE0001B1A5B055B0D0A2812DD0B38844000229A
:102FF0002403240B0021100024030A0D240B1205C6
:1030000022430C4C1B05224013435B00590810BDA2
:1030100002002100153291400A000B21081AC44019
:103020002403240BE6E7002300240022E2E7C04645
:103030001E040000FFFF0F804100090E4B1C70B5FD
:10304000DBB24602750AC40F012B14DDE0239B009E
:103050006D07360BCB1800210A0D280012051C4DF8
:1030600032435B052A405B0813435B00E4075B08BF
:103070002343190070BD002914D1002D1ED0280053
:1030800000F0B0F80A281CDC0B232A001B1ADA40D7
:10309000030015339D400F4B12031B1A5B05160BE3
:1030A0005B0DD8E7002D06D0320B802636036D0766
:1030B0001643094BCFE7084B0026CCE70023002638
:1030C000C9E703002A000B3B9A400025E3E7C0460E
:1030D000FFFF0F8089030000FF070000F0B54C00E0
:1030E000640D0B03621C5B0A460F5205C90F1E4399
:1030F000C500520D012A29DD374BE718FE2F1CDCD5
:10310000002F3BDD8001431E98410722F3006D0F25
:1031100003432B431A40002A04D00F221A40042AEA
:1031200000D004338022D2041A4024D00137FAB2EE
:10313000FF2F02D09B01580A01E0FF22002040022D
:10314000D205400AC90710430843F0BD3543002C9F
:1031500004D1002D0AD100220020F0E7002DECD090
:103160008020C0033043FF22E9E7002400235B02F4
:10317000580AE2B2E3E7DB083C00F8E73B0017330C
:10318000F3DB80231B0433431E26F61B1F2E14DDA6
:1031900002225242D71B1A00FA401700202E04D0F8
:1031A0000E4A94466444A3401D432B005D1EAB4170
:1031B00007223B431A400027ADE7094A2800A2181E
:1031C000954093406C1EA541F04007222B430343DA
:1031D0001A4000279FE7C04680FCFFFFA2FCFFFFCC
:1031E00082FCFFFF1C2101231B04984201D3000C29
:1031F00010391B0A984201D3000A08391B0998426A
:1032000001D30009043902A2105C40187047C0467F
:10321000040302020101010100000000000000009F
:1032200010B5002903D1FFF7DDFF203002E0081CB4
:10323000FFF7D8FF10BDC0460023C25C0133002A4F
:10324000FBD1581E704710B508F048FF00F02AF86F
:1032500010BD0000002110B5080007F099FE022102
:103260000D4808F01BF80D4B01221978002800D1F9
:1032700004220A4302201A7000F03EF8084C206035
:1032800003F0CEFC022000F037F8206003F00CFEC3
:1032900000F0FAF9F6E7C04600600B408501002017
:1032A00080010020FA2110B50F4B89001868FCF747
:1032B00035FF0E4B0138984215D80D490D4A48602C
:1032C000C020136A00061B021B0A0343136200237B
:1032D0008B6007330B608021136AC9051B021B0A30
:1032E0000B43136210BDFEE7F8000020FFFFFF0054
:1032F00010E000E000ED00E0F7B5D94E04003778AB
:10330000042F27D0012F27D004252F4222D00024BC
:10331000D44B22000821D4481C7007F083FF220000
:103320004021D24807F07EFF22002900CE4807F056
:1033300079FF22002021CC4807F074FF8022CC4B7B
:103340009205DA67BFF34F8FBFF36F8F200008F04D
:103350000FFA34700020FEBD3A004021002007F033
:10336000ADFF00220821C04807F0A2FF0022402143
:10337000BE4807F09DFF3A000821BB4807F052FF06
:103380003A004021B94807F04DFF642000F0D8FA18
:103390003A004021002007F091FF3A000821B2488E
:1033A00007F086FF00224021B04807F081FF3A0075
:1033B0000821AD4807F036FF3A004021AB4807F03E
:1033C00031FF380000F0BCFA00220421A64807F0C3
:1033D00029FF00222021A44807F024FF02222021F7
:1033E000032007F06BFF0921A24800F053FDA24B18
:1033F0009C4DC018802380B29B00984200D92F704A
:103400002F78002F35D101222021032007F056FF0D
:1034100001220421944807F04BFF3A0020219248F2
:1034200007F046FF012204218F4807F0FBFE01222E
:1034300020218D4807F0F6FE3A0008218A4807F05F
:10344000F1FE3A004021894807F0ECFE02224021BB
:10345000380007F033FF0621864800F01BFD864B3D
:10346000C018802380B29B00984272D9FF3BFF3B7B
:103470002B702F78032F32D100F02CFA012201900B
:103480004021002007F01AFF01220821764807F0AA
:103490000FFF00224021754807F00AFF0122082192
:1034A000714807F0BFFE01224021704807F0BAFEC4
:1034B000002204216C4807F0B5FE002220216A4852
:1034C00007F0B0FE02222021380007F0F7FE0921A4
:1034D000684800F0DFFC0F283DD804232B702F78BC
:1034E000042F00D087E0032000F02AFA002C4ED1F0
:1034F00001224021200007F0E1FE012208215A4864
:1035000007F0D6FE22004021584807F0D1FE0122E4
:103510000821554807F086FE01224021534807F054
:1035200081FE01222021032007F0C8FE220039007D
:103530004D4807F0BDFE002220214B4807F0B8FEA1
:1035400001223900484807F06DFE0122202146483B
:103550004FE003238CE700F0BDF9019BC01A474BF5
:103560009842B4D9002208213F4807F05BFE0022B0
:1035700040213E4807F056FE002204213A4807F059
:1035800051FE00222021384807F04CFEA7E7012C0D
:1035900044D122002021032007F090FE22003900B0
:1035A000314807F085FE002220212F4807F080FED9
:1035B000220039002C4807F035FE220020212A483D
:1035C00007F030FE22004021002007F077FE2200A5
:1035D0000821254807F06CFE22004021234807F00F
:1035E00067FE22000821204807F01CFE220040212F
:1035F0001E4807F017FE2B78013B012B09D88022CB
:103600001F4B92051A60012008F0B2F81D4800F027
:1036100019F902233278134333709BE6022CEAD166
:1036200001224021002007F049FE012208210E4816
:1036300007F03EFE002240210C4807F039FE01222F
:103640000821094807F0EEFD01224021074807F054
:10365000E9FD01222021032007F030FE012266E768
:10366000850100208401002000600B4000000B4019
:1036700004E100E00000014000FEFFFF140500002F
:1036800000E100E088010020324B10B5002B06D08D
:10369000314800F0E7FE002801D000E000BF2F4BCA
:1036A000002B06D02E4800F0DDFE002801D000E0FF
:1036B00000BF2C4B002B06D02B4800F0D3FE002877
:1036C00001D000E000BF294B002B06D0284800F0B5
:1036D000C9FE002801D000E000BF264B002B06D019
:1036E000254800F0BFFE002801D000E000BF234BBA
:1036F000002B06D0224800F0B5FE002801D000E0E3
:1037000000BF204B002B06D01F4800F0ABFE002866
:1037100001D000E000BF1D4B002B06D01C4800F07C
:10372000A1FE002801D000E000BF1A4B002B06D0FC
:10373000194800F097FE002801D000E000BF174BA9
:10374000002B06D0164800F05AF8002801D000E0FF
:1037500000BF10BD000000000405002000000000B4
:1037600020050020000000003C05002000000000B3
:103770005805002000000000740500200000000033
:103780009005002000000000AC05002000000000B3
:10379000C805002000000000E40500200000000033
:1037A0008801002013B56B460268D971073354684D
:1037B00019000122A04716BD3F20704713B56B4684
:1037C000DC1D200000F0B2FA012801D1207816BDDE
:1037D00001204042FBE713B56B46DC1D01212000B0
:1037E00000F086FA002801D0207816BD0120404262
:1037F000FBE710B500F0B6FA0128FBD110BD10B5FB
:1038000000F0A8FA10BDF7B54D424D4107000E007B
:10381000019200F0ADFAEDB20124002803D000F0CF
:10382000AEFA4440E4B2002D0AD1002C08D101992F
:10383000300000F013FA002801D101237B60FEBDA7
:103840000020FCE7044B10B51A78002A03D101329E
:103850001A7000F0BDFA10BDA1030020FA2370B564
:1038600080220025084C9B00A360084B656008334C
:10387000290052000648236009F0FDF884239B00CC
:10388000E5500433E55070BD88010020B4CD000040
:1038900098010020024A1368013313607047C04644
:1038A000A403002010B500F070F800280DD102210B
:1038B000064807F0F3FC064B01221978002800D1D6
:1038C00004220A431A70FFF7E5FF10BD00600B40A9
:1038D00085010020014B18687047C046A4030020F2
:1038E000F7B5144801238446134A144996684C6876
:1038F0000568A40E1C40019390684B68019F9B0EC5
:103900003B4067463F689C420FD1BD420DD1864285
:103910000BD36419FA2550683C210130801BFCF759
:10392000FDFBAD006C430019FEBD3D001C00060010
:10393000E2E7C046A403002010E000E000ED00E054
:10394000F7B58025070000260E4C6D02A368019391
:1039500023682B432360BE420BD380256D02A368EE
:10396000019A934204D900F00FF823682B42F6D055
:10397000F7BD00F009F823682B405A1E9341F61852
:10398000E9E7C04610E000E0704700207047000003
:103990000123054A1360054A1360054A136000229B
:1039A000044B1A607047C04610000020140000202D
:1039B0000C000020B00300200122014B1A60704768
:1039C0000C000020704700000122014B1A60704774
:1039D000100000200122014B1A60704714000020E3
:1039E0008388002B43D14278C388212A34D0222AED
:1039F00010D0202A3BD11E4AC2611A1C082B00D9C4
:103A0000082292B202620222431DDA77194B013A70
:103A10001A7008E0002B06D10221421DC361036227
:103A2000D177144A13708278134B1A70104A1168B8
:103A30009622D20091421AD11B78DB0717D480233B
:103A40000E4A9B051A60BFF34F8F0D4B0D4ADA608B
:103A5000BFF34F8FC046FDE7054AC2611A1C082B11
:103A600000D90822012392B202620530C377704761
:103A700004000020A0030020A8030020F5FAAA55A6
:103A800000ED00E00400FA058288C378022A15D10F
:103A9000212B02D0222B0BD070470F4B1B68C26822
:103AA000D318C3610923036201230530C377F3E709
:103AB0000A4B1B68C3610A4B1B88F4E7032AEBD14E
:103AC000212B06D0222BE7D1064B1B68C361064B86
:103AD000F2E7064BE2E7C046144F0020204F0020DB
:103AE0001C4F0020304F0020284F0020244F002082
:103AF00010B5446802680300002094420BD0986817
:103B0000825C01200A701A68D96801321A608A4200
:103B100001D100221A6010BD030010B54268DC68B4
:103B200001320068A24214D10200501E82410020DE
:103B3000D2B282420CD05A68986881545A68D968C7
:103B400001325A605A6801208A4201D100225A602B
:103B500010BD5A680132121AE7E7F7B50E000C00E3
:103B600001908D18A71BAC4206D021000198FFF7E9
:103B7000BFFF01340028F5D13800FEBDF7B50700BE
:103B80000D000C008B180193019B661B9C4206D014
:103B900021783800FFF7C0FF01340028F4D130004D
:103BA000FEBD426803689A4202D34068C01A70475B
:103BB0004268C0681018F9E770B50E4E4022310017
:103BC00007F0A2FF0C4C0D4D20602800FFF7E9FF25
:103BD000802322685B00181A904205D922683100C0
:103BE0002800FFF7CBFF70BD8020000107F05EFECC
:103BF000F9E7C046B4030020AC030020F403002022
:103C000000220C4B1A605A600B4A9A6080225200C4
:103C1000DA600A4B83600A4B83610A4B43620A4BAA
:103C200003630A4B43630A4B83630A4BC3630A4B28
:103C300003647047F403002004040020913900005D
:103C4000893A0000E1390000B9390000C5390000A7
:103C5000B93B0000C9390000D5390000F7B50700AD
:103C600000200D00814237D001901C4E3368002B9C
:103C70000AD11B4B1B491868FCF750FA1A4C4443F5
:103C8000E408316800291FD000232C003360402D48
:103C900000D9402439002200012007F0C3FE019B17
:103CA0002D1B1B183F180193002DDED1402809D190
:103CB0000E4B1D6030680128FCD100210A003160E4
:103CC00007F0B0FE019807E0013CDAD201200A00BB
:103CD000306007F0A7FE2000FEBDC0460C000020AB
:103CE000F800002040420F0070110100B0030020D6
:103CF000F8B50D4C0600636822680D00002793425A
:103D00000FD02000FFF74DFF0200A84200D92A0083
:103D100031002000FFF721FF07008020000107F09D
:103D200083FD3800F8BDC046F403002010B5084AF2
:103D30005368146851680023A14206D05168936803
:103D40005B18013B1B7803700123180010BDC046AF
:103D5000F403002010B50248FFF723FF10BDC04652
:103D6000F4030020014B18687047C0460C00002087
:103D700010B508F011F9431E9841C0B210BD10B53E
:103D800008F00AF9063843425841C0B210BD00009D
:103D900010B5024807F010FF10BDC046344F002098
:103DA00007B500236A461371C022920000926A464A
:103DB0006846537107F074F9012007F05DF901209E
:103DC00007F064F90028FAD0012007F07DF907BD5B
:103DD00030B585B001AC0C220021200008F04BFE6C
:103DE000802304255B4263716570A268813361683A
:103DF000019807F0FBF9FFF7D3FF1E4C1E4A230082
:103E000088331A601D4A1378012B22D15278002A78
:103E100029D11B4A13731B4800F014FF1A48FFF7FF
:103E2000EFFE200007F0BAFE8022184B92051A60C0
:103E3000C72080001A5816491140C02212020A43B6
:103E40001A50012007F094FC200008F083F805B018
:103E500030BD022BDFD15278002ADAD0012ADAD124
:103E6000074B1D73D7E7022AD5D1054B01321A73D0
:103E7000D1E7C046344F0020C84F00201E4F00201D
:103E8000AC0000203C4F0020704F002000E100E01B
:103E9000FF00FFFFF0B5002685B002AB03AD2E801A
:103EA0003200DE802423040007F093F8394B1F789A
:103EB000012F03D133003A0031001FE0002F53D10E
:103EC0000126354B31001A00783318787932127890
:103ED0000309000799400192000F022207F0EEF952
:103EE000019B20009A002D4B9B1859783200C9087D
:103EF000242307F06EF83B0002223900284807F01F
:103F00005BF80121200007F082F80421200007F06F
:103F100097F80028F9D00421200007F098F8002134
:103F2000200007F07EF81B4B28801B78012B13D054
:103F30000121200007F075F802ABD880DA882B88C1
:103F40009A4223D92B8802AAD188180389B2C01AB1
:103F5000FCF76EF980B228802000002107F07AF883
:103F6000288880B205B0F0BD30212000394007F02C
:103F70007CF8242301220F21200007F02AF80121D8
:103F8000200007F067F83300022295E7054B2B80ED
:103F9000E2E7C0461800002044EA000080E9000083
:103FA00000000140FF0F0000F7B5C7B20D001E2F43
:103FB0006FD8464BB900CA5C1607340F00940F2C1B
:103FC00067D0032D65D8424E6403A4190126120957
:103FD00096405B18DA780196D207D20F9B78002AB8
:103FE00058D00105090FC9183A4E890071580F269B
:103FF000090A314006291DD1002A50D0010A31405A
:10400000C918344E890071588C460F2166460E40FF
:104010008E420FD0002A47D0000A0840C0182D4B0E
:1040200080001B5C1807000F012211001B0999403A
:1040300007F044F9254BBF00DF197B78FF2B0CD02C
:10404000254A9B009B5C1807000F0F2805D0012212
:1040500011001B09994007F031F9012201990098DC
:1040600007F02CF96B469E88022D25D0032D27D012
:10407000022231002000012D24D007F0DCF80122BB
:104080003100200007F0E8F800223100200007F09E
:10409000C9F8F7BD99008C4610496646A6E7990015
:1040A0008C460E496646AEE79A0013000B49885CC1
:1040B000CB5C0007000FB7E7002231002000DCE7EF
:1040C0000122FAE707F0B7F82A00DEE744EA000029
:1040D00000000B40C4E9000080E900009CE90000FA
:1040E000C0B270B51E281CD8184B8000C35C1C07DA
:1040F000240F0F2C15D0022913D801251B099D4030
:10410000134A6403A41822682A4016D1002909D151
:10411000A9B20232200007F08EF8A9B2200007F001
:10412000C5F870BD01290AD1A9B2200007F083F8B3
:10413000A9B2200007F0B8F8F3E70129F8D0022966
:10414000EBD1216A4D402562EBE7C04644EA00000E
:1041500000000B40C3B270B500201E2B19D80D4AC9
:104160009B009B5C1C07240F0F2C12D00A4A64038F
:10417000A418012215001B099D40ADB229002000A2
:1041800007F06AF82900200007F088F80138434258
:10419000584170BD44EA000000000B40007C7047AD
:1041A00010B5036889B25B6A984710BD70B504000A
:1041B000037C002083420CD089B26069802507F01F
:1041C00085FA6D002900606907F085FA0028F9D0AA
:1041D000012070BD0300027C0020824213D01A7EB1
:1041E00082239B005A430B4B81219B18802289001C
:1041F00092009A185B1810681968884204DB1268EC
:104200001868801AFF30704718681368C01A0138A0
:10421000F9E7C04630100020002330B5027C9A42F6
:1042200016D08223017E802581209B004B430B4AC0
:104230008000D318AD0018185B1904681B689C42F5
:1042400008D082235B004B4300681B185B009B5A1D
:10425000180030BD01235B42FAE7C0460806002083
:104260000023084A4360083202600C22FA23417698
:1042700051439B008360044BCA585B181B7A426110
:1042800003767047D8CD0000E4EA0000F023184020
:10429000203843425841800270470F2303400020DA
:1042A000012B03D08020032B01D1800070474000F8
:1042B000FCE70000F0231B01184080239B0098427C
:1042C00005D0044BC01843425841C0027047C0207B
:1042D0004001FBE700FDFFFF0C23F0B504248BB089
:1042E00002911600427E4F4F5A434F4B05009B18D8
:1042F0009A791C5705925A79DB7901929B00DA5D15
:104300001207120F0392017E4848425C002A37D1FF
:10431000013242542A74029A002A34D00122FB5CF2
:104320001B099A406B460492198A039B002258038A
:104330003F4BC01806F07FFF0121059B06229B0022
:10434000F85C0027030900079940000F06F0B6FF4C
:1043500006220499039806F0B1FF0021019806F0A7
:1043600015FF019806F026FF0299FBF7D7FE314BA7
:104370000137984209D9F9B2019806F007FFF0E732
:104380002A7C002AC7D10BB0F0BD029B30000693F7
:10439000FFF783FF06AB98803000FFF777FF06AB8F
:1043A000D8803000FFF786FF06AB1881002306A9EE
:1043B0006869099307F048F901222121686907F02B
:1043C0009AF90321FF232140C9008B408022DB435F
:1043D0008A40002C19DB1F20012120408140164813
:1043E0000160A408A4002418C020800021580B40BC
:1043F0001A43225068690122002107F085F9012241
:104400006869110007F080F9BDE70F210C40083CF6
:104410000A49A408A4006418E1690B401A43E26148
:10442000E8E7C04644EA0000E4EA00000006002095
:1044300000000B40FFFF000000E100E000ED00E0A5
:10444000892210B55200FFF747FF10BD802381225B
:104450009B009200C3588058181A01D50130FF30D4
:104460007047000010B50300027C0020824207D094
:1044700082201B7E80005843024BC018FFF7E6FFE6
:1044800010BDC0460806002010B50300027C0020C5
:10449000824207D082201B7E80005843024BC01806
:1044A000FFF7D4FF10BDC0463010002081238022CA
:1044B0009B009200C158825810B591420AD0C25850
:1044C000C4585200125A611CFF2C00D10021C15067
:1044D000100010BD01204042FBE7000010B50300B2
:1044E000027C0020824207D082201B7E800058433D
:1044F000024BC018FFF7DAFF10BDC04608060020C7
:10450000F8B5037C0400002B36D0EFF310831B4E6C
:10451000002B1AD08227BF00207E78433018FFF787
:1045200095FF002820D0207E78433018FFF7BEFF8B
:1045300085B280216069490007F0CDF80028F8D0E5
:104540002900606907F0C2F8E6E78225AD00207E09
:1045500068433018FFF77AFF0028F8D1802160699E
:1045600007F0B9F8002807D180256D00290060699F
:1045700007F0B1F80028F9D0F8BDC046301000208F
:10458000F8B50D002021040007F0ABF800280CD08E
:104590000821200007F09FF8002806D0200007F02F
:1045A00097F80821200007F0A2F80121200007F069
:1045B00098F8002828D02021200007F08CF8002847
:1045C00022D0200007F084F882239B001A00802666
:1045D0006A432149B6008A1892191668721CFF2E88
:1045E00000D1002281266B43B600CB189E19366895
:1045F000964209D08026B6009B19FC3E6E431F6888
:104600001A60F619760088530221200007F069F835
:10461000002816D08021200007F05DF8002810D077
:1046200082239B005D430D4BED182800FFF70EFF22
:10463000061E07D02800FFF739FF81B2200007F0DF
:1046400045F8F8BD2000802107F051F83200022122
:10465000200007F050F8F4E7080600203010002092
:1046600010B5037C002B03D0017E4069FFF788FF63
:1046700010BD000010B50548FFF7F2FF0448FFF732
:10468000EFFF0448FFF7ECFF10BDC0460405002013
:1046900090050020E405002010B50248FFF7E0FF78
:1046A00010BDC0465805002010B50248FFF7D8FFDE
:1046B00010BDC0467405002010B50648FFF7D0FFB6
:1046C0000548FFF7CDFF0548FFF7CAFF0448FFF78D
:1046D000C7FF10BD20050020AC050020C805002044
:1046E0003C050020F8B50400037C00200E00834246
:1046F00042D08021606906F0EEFF404D002829D1AC
:104700008227BF003B008022207E92004343EB18AB
:104710009B181A68802301325B009A4200D1002264
:104720003B00812143438900EB18591809689142E5
:1047300023D10221606906F0D4FF0028E2D0802155
:10474000606906F0C8FF0028DCD0217E6069FFF7B1
:1047500017FFD7E78220237E800058432818FFF7F1
:1047600075FE0028CCD13100606906F0AFFF6069AA
:10477000802106F0BCFF0120F8BD802292009B182A
:104780001B68591CFF2B00D10021822381229B0032
:1047900043439200EB189A1812688A4209D080228B
:1047A00092009B18FC3A42431F681960D2195200CC
:1047B000AE52EFF31083002B1AD08227BF00207E69
:1047C00078432818FFF742FE0028D0D0207E784397
:1047D0002818FFF76BFE86B280216069490006F059
:1047E0007AFF0028F8D03100606906F06FFFE6E735
:1047F00001220221606906F07EFFB8E73010002038
:10480000F8B50024802725007F00244E3A00A61921
:104810003000002108F02FF980239B00F55004336D
:10482000F55004331E4EE418B442EED100242700A4
:1048300080221C4D520065190021280008F01BF948
:1048400080239B00EF500433EF500433E418B4424C
:10485000EED100211448FFF703FD01211348FFF7B3
:10486000FFFC02211248FFF7FBFC03211148FFF770
:10487000F7FC04211048FFF7F3FC05210F48FFF770
:10488000EFFC06210E48FFF7EBFC07210D48FFF770
:10489000E7FC08210C48FFF7E3FCF8BD0806002000
:1048A000280A000030100020040500202005002008
:1048B0003C050020580500207405002090050020CC
:1048C000AC050020C8050020E4050020002070474A
:1048D0007047F7B506000D000C008B180193019B83
:1048E000671B9C4207D0336821781B6830009847CB
:1048F00001340028F3D13800FEBD70B50400080073
:104900000D00FEF799FC2368020029005B68200077
:10491000984770BD10B50B1E02D0FFF7EEFF0300E5
:10492000180010BD10B5FFF7F5FF10BD10B5FFF76B
:10493000F1FF10BD10B503681B68984710BD00005B
:1049400010B50249FFF7D9FF10BDC04618CE0000D0
:1049500070B50400FFF7DEFF05002000FFF7F0FF51
:10496000401970BD70B50400FFF7D4FF05002000AA
:10497000FFF7E6FF401970BDF0B58BB06B46150030
:10498000002205330600DA770800012D00D80A2539
:1049900009AC2900FBF748FCCAB213003733070003
:1049A000DBB2092902D813003033DBB2013C23709B
:1049B000002FEED121003000FFF7ACFF0BB0F0BDAF
:1049C000F8B506000C00151E04D10368C9B21B68B7
:1049D0009847F8BD0A2A0CD100290BDA2D21FFF7E0
:1049E000A9FF614207002A003000FFF7C5FF381811
:1049F000EFE7D2B221003000FFF7BEFFE9E710B5C4
:104A0000FFF7DEFF10BD70B50400FFF7D9FF05000A
:104A10002000FFF795FF401970BD70B50500FFF746
:104A2000CFFF04002800FFF78BFF201870BD10B5E2
:104A3000002A04D10368C9B21B68984710BDD2B2DE
:104A4000FFF79AFFFAE710B5FFF7F1FF10BD70B559
:104A50000400FFF7ECFF05002000FFF771FF40198D
:104A600070BD70B50500FFF7E2FF04002800FFF7F6
:104A700067FF201870BD0000F7B51E0008AB1B785B
:104A8000310001930500330010001700FEF716FAFD
:104A90004B49002814D10122740064085242494B4A
:104AA00038002100FEF70AFA00280FD10122454BF9
:104AB000524238002100FBF7DFFC002806D14249B2
:104AC0002800FFF71AFF04002000FEBDE0223F4B44
:104AD000120638003100FBF7D9FC002801D03C4910
:104AE000EEE7E0223B4B120638003100FBF7BAFC40
:104AF0000028F4D10022002338003100FBF7B2FC7B
:104B0000041E07D02D212800FFF714FF8023040086
:104B10001B06F618002300202F490093019B009AE2
:104B2000934208D02D4B0022FDF704F8009B01337F
:104B3000DBB20093F2E733003A00FCF7DFFC0F0032
:104B40000600FBF729FD0A22019001002800FFF76B
:104B500013FF009B0419002BB6D00198FEF73AFA18
:104B600002000B0030003900FDF760FE06000F0068
:104B700028002E21FFF7DEFE2418009B013BDBB24C
:104B80000093FF2BA0D0154B002230003900FDF719
:104B9000DBFB0F000600FBF7FFFC0A22010001907F
:104BA0002800FFF7E9FE24180198FEF713FA020027
:104BB0000B0030003900FDF739FE06000F00DCE77E
:104BC0000CCE0000FFFFEF7F10CE0000FFFFEF4193
:104BD00014CE0000FFFFEFC10000E03F00002440C2
:104BE00037B51D00069BDBB200932B00FFF744FF97
:104BF0003EBD10B50400FEF76DFEE06023682000A6
:104C00005B699847002808DAFEF764FEE368C01A7B
:104C1000A3689842F2D30120404210BDF7B50E00C0
:104C20000C0001908D18A71BAC4207D00198FFF72C
:104C3000E0FF002802DB20700134F4E73800FEBDFD
:104C4000FEE70000044B0360044B4360044B8360A9
:104C50000423C3607047C046AC0000202C00002035
:104C60001C000020F0B54D1E2E0087B00490059565
:104C7000059B9B1B9D421EDD0027049CBE4218DD48
:104C8000226863680092019300980199A268E36822
:104C900002920393FBF7FAFB002807D0029A039BCA
:104CA00022606360009A019BA260E36001370834D0
:104CB000E4E7013EDCE707B0F0BD000070B5060098
:104CC0000D000A4C0D21200003F0CAFB310020002A
:104CD00003F092F92900200003F08EF90121200051
:104CE00003F0B8FC43425841C0B270BD34480020C4
:104CF00010B5FEF76FF900220F4BFCF71BFF0022E7
:104D00000E4BFDF721FBFEF7F5F801140400C9B2C4
:104D10008220FFF7D3FF002801D1002010BD21120F
:104D2000C9B28320FFF7CAFF0028F6D0E1B2842081
:104D3000FFF7C4FFF2E7C04668FF4F410000A04103
:104D400010B5FEF747F900220F4BFCF7F3FE0022E7
:104D50000E4BFDF7F9FAFEF7CDF801140400C9B2C5
:104D60008520FFF7ABFF002801D1002010BD2112E4
:104D7000C9B28620FFF7A2FF0028F6D0E1B2872053
:104D8000FFF79CFFF2E7C04668FF4F410000A041DB
:104D9000C10510B5C90F04008820FFF78FFF002858
:104DA00003D0E1B28920FFF789FF10BD73B504007D
:104DB000144D0E0028000D2103F052FBB0212800F5
:104DC00003F01AF92100280003F016F90121280048
:104DD00003F040FC041E01D0042076BD01220090A7
:104DE000030001920D21280003F010FD280003F0BC
:104DF000C5FB0028F0D0280003F07CFC30702000B8
:104E0000EBE7C0463448002013B56B46DC1D21009B
:104E10008120FFF7CBFF03000020834206D1102141
:104E20002378813019432170FFF748FF16BD37B54D
:104E30006B46DD1D040029008020FFF7B7FF03004B
:104E40000020834207D10F23297880301940214365
:104E50002970FFF733FF3EBD10B5FFF7E8FF10BD27
:104E600037B56B46DC1D050021008120FFF79EFF52
:104E700003000020834209D122780823854206D00E
:104E80009A43227021788120FFF718FF3EBD13431B
:104E90002370F7E737B56B46DC1D05002100802045
:104EA000FFF784FF03000020834208D12078012D02
:104EB00006D12843207021788020FFF7FFFE3EBDF9
:104EC00001239843F6E713B56B46DC1D21008F20C4
:104ED000FFF76CFFFF23002800D12378180016BDD0
:104EE00010B5154C0D21200003F0BAFA0121200065
:104EF00003F0B0FB002801D0002010BDFFF784FFB5
:104F00000028F9D06420FEF71BFD0120FFF7A8FF61
:104F10000028F1D03220FEF713FD0120FFF7BAFF81
:104F20000028E9D03220FEF70BFDFFF7CCFFFF3859
:104F3000431E9841C0B2E0E734480020F7B5FA2696
:104F400005000C000227B600FFF7BDFF384208D16C
:104F5000013E002E01D10020FEBD0120FEF7F0FC35
:104F6000F2E701AF39009420FFF720FF0028F2D1CB
:104F70006B465E1D31009530FFF718FF0028EAD11F
:104F80003A783378120213431BB22B606B469E1D96
:104F900031009630FFF70AFF0028DCD16B46DD1D9B
:104FA00029009730FFF702FF0028D4D132782B7800
:104FB000120213431BB223600130CDE7F7B5019015
:104FC000B0200F001600FFF732FF00281DD0102080
:104FD000FFF72DFF002818D03220FEF7B1FC20206B
:104FE000FFF725FF00240500A0420ED0A6420EDDEB
:104FF000FFF769FF0423184209D1019BA00039186B
:105000001818FFF79BFF002806D1002502E0B0200A
:10501000FFF722FF2800FEBD0134A642E6DD302066
:10502000FFF705FFE2E70000F0B504008DB000AF28
:10503000FA60BB60B961FFF7E7FE0120FFF710FFE0
:105040002000FFF755FE0120FFF77AFE0020FFF752
:105050009FFE0120FFF71EFF6A46FB68DB00083356
:10506000D21AD31A95463B619D4600231E007A61F1
:105070003B623B6AFA68934251DA2C23F918043BED
:105080000122F818FFF79AFF002841D0B86AFB6A9E
:1050900040435B43C018FDF763FF07F009F9BB69A4
:1050A0001A685B68FDF750F902000B0000204049C8
:1050B000FCF740FD38607960B86AFDF751FF0400E5
:1050C0000D00F86AFDF74CFF22002B0007F0ECF80A
:1050D0000022384BFDF738F9374A384BFCF72AFDE8
:1050E000BB69040098680D00FDF73AFF02000B0051
:1050F00020002900FDF79AFB3C687D687A69F3007F
:10510000D218146055603A690136D3181860596096
:105110000A20FEF715FC3B6A01333B62A9E7002039
:10512000022E42DD31007869FFF79CFD31003869BD
:10513000FFF798FDB31E0022FB60002301243A62B2
:105140007B62BA61FB61013EB44216DAB869F96963
:105150007B69E5005B191A685B68FCF7CFF93B696E
:10516000B861F961386A796A5D192A686B68FCF779
:10517000C5F9013438627962E6E7F868FDF7F0FEB8
:1051800002000B0004000D00B869F969FCF7D2FCBD
:10519000BB68220018605960386A796A2B00FCF7F6
:1051A000C9FCBB6C186059600120BD460DB0F0BD54
:1051B0000000F03F00806640182D4454FB21094058
:1051C0001F4B70B54360812300253222DB00016054
:1051D000C5501C4B0400C5501B4B2900C5501B4B30
:1051E000C5501B4BC5501B4BC250FA221A4B5201E3
:1051F000C5501A4BC5501A4BC5501A4BC5501A4BC7
:10520000C5501A4BC5501A4BC5501A4BC2500122FB
:105210000433C554184BC2548022184BD200C550D9
:10522000174BC01807F027FC164B174AE318A218B3
:105230001D700933FF339342FAD1200070BDC04680
:10524000040500200C0400001025000014250000B7
:10525000182500001C250000202500002425000042
:10526000282500002C2500003025000034250000F2
:10527000382500003C2500004125000044250000A1
:1052800048250000140500001426000070B5040035
:1052900000680D00FFF7D4F80023194AA350043A20
:1052A000A350184AA350184AA350FEF713FB174BFC
:1052B000E050FEF70FFB164BE0502833E35C002B69
:1052C0001CD06068002819D01249FFF741FB124931
:1052D0006068FFF727FB0A2229006068FFF7C1FB1F
:1052E0000E496068FFF71EFB0D4B0A22E15860680B
:1052F000FFF79DFB0B496068FFF72AFB70BDC046B6
:105300000C040000142500001025000038250000C2
:1053100018250000A6D00000C6D00000D9D000009B
:105320001C2500006DDE0000F7B50400FEF7D2FA80
:10533000254A2649A35861580700C31A01928B4297
:105340001BD3234D234B6259E3589A4215D0842135
:10535000635949005943204B6618F31800931B7892
:10536000002B0BD163591D4A0133134004D5202271
:10537000013B5242134301336351F7BDA223DB00CB
:10538000F6182068013BFF3BC918036861185B6889
:1053900032689847124A3368A158CB18A350114A73
:1053A000A3580133A3500023009A137063590B4A8A
:1053B0000133134004D52022013B524213430133F1
:1053C0006351019BE750D8E7182500001C25000019
:1053D0001025000014250000140500001F000080A7
:1053E0002825000030250000F0B51700284A294B79
:1053F000855885B00135040002911D400192039348
:1054000004D52023013D5B421D430135224EA359A3
:10541000AB4222D1214AA3580133A35095239B01CB
:10542000E35C002B05D06068002802D01C49FFF720
:105430008FFA8423A2595B0053431A4AE3189B183E
:1054400000221A70A359039A0133134004D5202275
:10545000013B524213430133A3518426019B760042
:10546000E3583A005E438223DB00F01820180299CB
:1054700007F0F8FAA2230120A619DB00F3181F6039
:10548000084BF618019B3070E55005B0F0BDC046E2
:10549000142500001F0000801025000020250000BA
:1054A00078D0000014050000074B084AC358805804
:1054B000181A074B2030184004D5202301385B42CE
:1054C000184301307047C046142500001025000025
:1054D0001F000080014BC1507047C04644250000AA
:1054E00010B50400FEF7F6F9044BE358C01A044B5C
:1054F000E35898428041404210BDC0463825000024
:105500003C250000F7B50400006803681B69984754
:10551000002840DD264A2749A358274D1B18A350D1
:105520008122D2006358A25801959B1A234A9B18E6
:105530002B4003D5224A013B1343013398420ADD35
:105540006258019D1218D21A2A4003D51C4D013A07
:105550002A43013262500500984200DD1D0081237C
:1055600027008026DB00E158206849190837F6003B
:10557000B14211DC2A00E1587918FFF74FFB812373
:10558000DB00E058019A4519154003D50C48013D50
:1055900005430135E550F7BDE258E158B61A7918D0
:1055A0003200FFF73BFBAA1B39002068E5E7C04645
:1055B000242500000C040000FF030080FF0300000E
:1055C00000FCFFFF0020022A06D9C879012804D177
:1055D0000020092A00D909307047002803D1052A84
:1055E000FAD90530F8E70020F6E700000200F0B530
:1055F0000C4B0D4F141AA14211DD0825147863409D
:1056000001265C1033409C466646A3B2002E01D0B2
:105610007C40A3B2013D002DF2D10132EAE718002F
:10562000F0BDC046FFFF000001A0FFFFF0B500265F
:10563000C9B01F00254B08AD2B80254B039001926C
:10564000C35C0C00B34209D0019BB3423BD0B742CC
:1056500004D005A91F4801F012F80600BB1C9B19D5
:105660009BB202936B461B7A2C71AB70029B062493
:105670001B12EB7001236B71002E07D0162004ABB8
:10568000320005A9C01807F0EDF93419019B002B71
:1056900007D0002F05D028193A00190007F0E2F9C9
:1056A000E419029909A8FFF7A1FF0D2208AB1855CC
:1056B0001B19001258709A702900E21C0398FFF71A
:1056C00093FE49B0F0BD019EC8E7C046AA55000050
:1056D00041250000681B002010B5FFF7A7FF10BD93
:1056E000002310B51A008021FFF7A0FF10BD002392
:1056F00010B51A008121FFF799FF10BD13B501AC59
:105700002270637022000223FFF790FF13BD002375
:1057100010B51A000121FFF789FF10BDF0B51E2456
:105720000F0089B00500160000212200684607F02E
:10573000A2F939000F22684607F060FA0F22100024
:105740003100684407F05AFA23006A460321280012
:10575000FFF76CFF09B0F0BDF0B504250600092085
:1057600087B002AC0192009321700DAB2A0001A911
:1057700068441F7807F076F90D202A0069466844CE
:1057800007F070F911202A000CA9684407F06AF9A3
:105790000E232200502130006773FFF747FF07B048
:1057A000F0BDF0B5060004250D2087B003AC0192D2
:1057B000009321700CAB2A0001A968441F7807F000
:1057C00051F911202A006946684407F04BF90A2371
:1057D0002200512130006772FFF728FF07B0F0BDAB
:1057E00013B56C466270E37012121B122170A27026
:1057F00023716A4605235321FFF718FF13BD7FB5B8
:1058000008AC25880AAC267801AC62700022A3702F
:1058100025711B122D122170E3706571D1B2931D99
:105820008E4207D9062A05D00999A318895C01324E
:105830009971F3E79BB222005221FFF7F7FE7FBD7B
:10584000F7B50B7805000E00AA2B43D14B78552BEA
:1058500040D18B18013B1B780D2B3BD1033A8B18A1
:10586000CC7888785B788A5C24021B0204431A4354
:10587000081D0F7921000092FFF7B8FE95239B01C8
:10588000EB5C0190002B1DD0686800281AD02949D4
:10589000FFF748F87B1EDBB268682749802B02D8E7
:1058A000264A9B009958FFF741F825496868FFF799
:1058B00039F8009B019A68682249934200D0224936
:1058C000FFF746F8009B019A934204D01F4AAB5859
:1058D0000133AB50F7BD1E4AAB580133AB50012F1B
:1058E00006D1FDF7F7FF1B4BE8502800FFF70FFF2D
:1058F000022C1CD9220031002800FFF763FE023C75
:10590000831D241AF618A4B2134BFB189B005B5995
:10591000002B03D022003100380098470F4BEB5882
:10592000002BD7D02200310038009847D2E700245E
:105930002600E9E765D0000050D000004CCE000002
:1059400072D0000057D000005ED000003425000067
:105950002C250000382500005209000044250000D5
:10596000F7B5364A0124156800221100344B019224
:105970001B88344A86589446043A825896420CD181
:10598000002901D02D4A1560019A002A01D02C4A25
:105990001380F7BD21001500EBE7624682582A4FBD
:1059A0008218167A6246825801323A4003D5274F50
:1059B000013A3A4301326746C251002D07D12A000D
:1059C000AA2EE8D1224A210016702200E3E7012D19
:1059D00006D1552E16D11E4A210056700222DAE752
:1059E000FF2D0FDC1A496A1C4E55042A0DD1CD78C3
:1059F0008B7880212D022B4307339BB24900019401
:105A00008B42C7D921000022C5E7062AC2DD9A428F
:105A1000C0D10A4C019D2360002D01D0084D2B8080
:105A20000D2E07D10B78AA2B04D14B78552B01D121
:105A3000FFF706FF00232360ABE7C0465C1B002096
:105A4000581A00200C040000FF03008000FCFFFF38
:105A50005A1A002010B50400FFF754FD2000FFF78C
:105A60007FFF2000FFF760FC10BDF8B515000C00AB
:105A70000700FDF72FFFFA21001B8900FAF74EFB04
:105A80003C226A430400151A904203D300218A4243
:105A90000DD00D006426300011006043FAF73EFB84
:105AA000011CC0B2B04200D9311C2A00C9B293B265
:105AB0003868A2B2FFF794FEF8BD426002000023EE
:105AC00001603432010010B514008360C3600361CB
:105AD000436103764376C3631C3108C113700132FE
:105AE000A142FAD110BD10B50400FDF7F3FE012369
:105AF000A060E060206160612376637610BD0123C1
:105B000010B5037643760400FDF7E4FE0023A060A1
:105B1000E06020616061E36123626362A362E3622B
:105B2000236310BD0023F7B507001C001E009D0075
:105B300048597D19ED69AC46451BEA17AD1855402B
:105B4000012D00DD01266546022D2EDD02282EDC0A
:105B50001800002434303818047001240133062B57
:105B6000E5D1002E04D1002C02D13B7E002B1BD0AE
:105B70000C0001252068FBF777FC0F49061CFAF79B
:105B8000C9FC431E98410C4B400000930190E9B2C0
:105B90000A4B321C3868FFF7DFFDAB0004CCFB1862
:105BA00001359A61072DE5D1F7BD0228D6DD180031
:105BB000012234303A54D1E7000048420000C84284
:105BC000F7B5050016001F0000293ED00022002373
:105BD00030003900FAF75AFC002837D008980999A4
:105BE00000220023FAF752FC00282FD008980999C8
:105BF00032003B00FBF79EFF0022154BFCF7A4FB95
:105C0000FDF76CFA1349041CFAF77AFC002800D05F
:105C1000104C39003000FDF761FA0F49071C201CB9
:105C2000FAF76EFC0226002808D10C49201C012638
:105C3000FAF766FC002800D1061CF6B20096231C79
:105C40003A1C01212868FFF7ACFDF7BD0024E0E70E
:105C50000000594000004843000016430000F04295
:105C6000F0B506008FB000291ED10C00049100256C
:105C700077683B7D0593059AEBB2934218D2062DC7
:105C800016D06B00FB18D88A6638FBF7EDFB174976
:105C9000FBF7D4F81649FAF7F9FE182102ABAA006F
:105CA0005B1898500135E6E7642301240493DEE78E
:105CB000002506AF182002AAAB001218D0580D49D3
:105CC000FBF7BCF80949FAF7E1FEFAF74DFCE85595
:105CD0000135062DEED1049B029501970093220019
:105CE00021003068FFF78BFD0FB0F0BD0000874347
:105CF0000000CD4300007F43F0B587B004930EABA6
:105D00001B880400059300680FAB0F0003921E78F8
:105D1000FFF7E6FB002842D0FDF7DCFDA368050095
:105D2000C31AC72B02D8237E002B09D039002000CC
:105D3000FFF7F8FE00232376E36BA5600133E363EE
:105D4000E368184FEB1ABB420DD9129A139B31002E
:105D500000920193109A119B2000FFF731FFE36B33
:105D6000E5600133E363637E002B08D004992000D3
:105D7000FFF776FF00236376E36B0133E363236968
:105D8000EB1ABB420BD9039B002B04D0059A0C994C
:105D90002000FFF76AFEE36B25610133E36307B080
:105DA000F0BDC046E7030000014B18607047C046D5
:105DB000601B002073B5060000250A4C01212068F5
:105DC00003F0A9FD206831000561FEF7CBFD01223B
:105DD0002068290003680192083200929C6C7F239E
:105DE000A04773BD601B002010B50E4C206804F066
:105DF00067FB0121206803F08EFD0B48FFF7DAFFF7
:105E0000902320685B0303610849FEF7A1FDC823C6
:105E100020689B0303610649FEF79AFD206804F0A1
:105E200031FE10BD601B002024D2000031D20000E2
:105E30003FD20000F0B5204C85B00290039120685D
:105E400016001F0004F03CFB0121206803F063FDF5
:105E50001A48FFF7AFFF9023012520685B0318491C
:105E60000361FEF75FFD029A039B00952068FEF731
:105E7000B7FE2068134B14490361FEF753FD0095EC
:105E800032003B002068FEF7ABFE2068022103F0E1
:105E900042FD8C2320689B030C490361FEF742FD01
:105EA0000323009320680A9A0B9BFEF799FE206853
:105EB00004F0E8FD05B0F0BD601B002005D2000035
:105EC00017D20000400012001CD2000021D20000B6
:105ED000030010B501600021040030338176C161F8
:105EE000102219705970203006F0C5FD200010BD39
:105EF0000300002110B53133817610221970203053
:105F000006F0B9FD10BD10B5131C082A00D90823EE
:105F10000022DBB25B009A4204D08418248C8C529D
:105F20000232F8E710BD0A2310B50F2410094343CD
:105F30002240D018FA220B0992005A43801864229A
:105F400021405143401810BDF7B50700060004007A
:105F500030373B78CD1C01932036019B29786A7835
:105F6000012B0AD109021143318002360235B742B2
:105F7000F3D1012331342370F7BD2000FFF7D3FFA5
:105F80003080F2E7F8B5060000230400012731361F
:105F90003370206803681B699847002828D0206860
:105FA00003685B699847C5B2FDF794FCA37E002B9C
:105FB00005D0E369C31AC82B01D90023A376A37EB9
:105FC000E061002B04D1FF2DE3D12571A776E0E736
:105FD000132B0AD8E2180133DBB21571A376142B08
:105FE000D7D1211D2000FFF7AFFF0023A376D0E714
:105FF0003078F8BD0300002240331A70031D0C32C4
:10600000DA8770475200801870B542880588048C82
:10601000408C95420BD0491B001B4843511BFAF79B
:1060200007F9FA232418DB009C4202DD1C00200043
:1060300070BDE343DB171C40F9E770B5031DDB8F30
:1060400000228B420FD2030040331B78012B0AD968
:1060500004888C4207D25C1E5B00C3189D1E2D88ED
:106060008D4203D8DA8B100070BDDAB2944208DD9D
:10607000531C5D002D5A8D42F7D3FFF7C3FF02007A
:10608000F1E70022EFE7F8B507000C0016005D000D
:106090004D19AC4206D021883800FFF7CEFF0234FC
:1060A00001C6F6E7F8BD030010B540331A780023A7
:1060B000012A18D9013A934208DA590041180C888C
:1060C00049888C4211D20133DBB2F4E700239A42B3
:1060D00008DD590041180C8C498C8C4205D80133DD
:1060E000DBB2F4E70123180010BD0023FBE700003A
:1060F00070B5060007234036337003330380002356
:1061000003842D33FF334380FA3B4384E1239B0018
:10611000838064238384C823DB00C380C823C384B3
:106120000F4BFA250381FA235B0003850D4B0C22EC
:106130004381FA239B0043850B4BED008381031DB4
:106140008585DA870400FFF7AEFF002806D1022319
:106150003370064B208063802084658470BDC04608
:10616000C4090000B80B0000480D0000FF0F00003C
:1061700070B5040004F042FD00232100220020003D
:1061800023612375ED250023163124323C300D8028
:1061900013609361043202318242F8D1194A1A49DC
:1061A0006265FE229205E26622000832D3679432CD
:1061B000136021672100154A8831A2650B608B614D
:1061C000FC218905616721008C31E2650B608B61E0
:1061D0000F492266A167210090310B608B610D4948
:1061E00020006166FF218905E167210094310B6081
:1061F0008B610949A266221DD167943213609361B5
:1062000070BDC046000070413333B33E0000A04172
:10621000CDCCCC3E0000E0409A99993E10B50400E8
:10622000002104F0CDFD0449200004F057FD0A20B0
:10623000FDF786FB10BDC0460000484201610275B3
:106240007047802270B5920005000E1C91420FD954
:10625000161C0024B6B22B7DA3420ED92B69002256
:10626000195D28003300013404F0D0FCE4B2F2E7F9
:106270008AB2662AEDD26626EBE770BD70B50500DE
:106280000E0000242B7DA34213D9230000220833E3
:106290005B00EB18DE80A300EB185A62DA632B690F
:1062A0000022195D28003300013404F0AFFCE4B291
:1062B000E8E770BDF8B5130008335B00C318DD884C
:1062C000052A4ED892008418606DFAF7E9FEE16B5A
:1062D000061CFAF741FA2649071CFAF711F90028BB
:1062E00041D1E763234FE06B391CFAF7F5F800283A
:1062F00000D0E7632800FBF7B7F823000833051C3C
:10630000E16BD86FFAF79AFDE16E071C301CFAF7C3
:1063100095FD011C381CFAF71FFA616A071C301C36
:10632000FAF7BEFE23009C331968FAF787FD011CBB
:10633000381CFAF711FA011C281CFAF7B1FE0E49B5
:10634000051CFAF7C9F8002810D10C49281CFAF7E7
:10635000D7F8002800D0094D281C6662FAF704F926
:1063600085B22800F8BD024BE363BBE7024DF3E7BB
:106370000000C8420000C8C20000484300808943B2
:10638000F7B505000F0000240192019BE6B2A3427D
:106390001AD02B7DB34217D9A300F858FBF764F845
:1063A0003200011C2800FFF785FF6200AA18D18A7D
:1063B0000300814206D0D0822A692800115D0022A4
:1063C00004F024FC0134E0E7F7BD0000C82292018C
:1063D00042801E220023828002831D3A8276074A71
:1063E00003700262421D437083718360C360036166
:1063F0004361C361D37783627047C04610270000B2
:106400000023421D03704370D377436170470378C4
:1064100070B505000024012B0AD1C368A34207D040
:10642000FDF758FA6B69C01AEB6898426441E4B210
:10643000200070BD01238170837170470123C170FA
:10644000837170470300007810B5884204D019703A
:106450009B6A002B00D0984710BD10B50400FDF7D3
:1064600039FA2378012B0AD1E368002B07D062693F
:10647000801A834203D804212000FFF7E3FF20782D
:1064800010BD0000037870B504000D000020032B40
:106490001DD0A01C052206F0E5FA6B88002B17D052
:1064A0002383FDF717FA228B0A4BA0605343012583
:1064B00018180023621D6361E060D377A576FDF7AD
:1064C00009FA2900E0612000FFF7BCFF280070BD39
:1064D0001E23E5E760EA000070B50578040000209F
:1064E000012D07D1FDF7F6F9022120612000FFF709
:1064F000A9FF280070BD037810B5013B0021012BD6
:1065000002D8FFF79FFF0121080010BD027810B5E7
:106510000023032A03D00321FFF794FF012318006F
:1065200010BD037810B50021032B02D1FFF78AFFBD
:106530000121080010BD70B5837E04000D00160017
:10654000002B16D0002902D1FDF7C4F9E0612378B1
:10655000013B012B0BD8002D09D1236AB34206D889
:106560000122631DDA7729002000FFF76BFFA57673
:1065700070BD0029EBD0421DD377E8E742698368FC
:10658000018B9B18024A4A439B18C3607047C04660
:1065900060EA0000037870B504000025022B12D1D8
:1065A0000369AB4207D0FDF795F96369226925615C
:1065B0009B1A181860612000FFF7E0FF01212000FE
:1065C000FFF740FF0125280070BD10B5002900D15C
:1065D0001E310123837103788180013B0183012BEC
:1065E00001D8FFF7CBFF10BD0022002310B50260D9
:1065F000436000230349836003730348FEF7A8F94F
:1066000010BDC04650D2000004050020D0B51600D1
:106610001F00066047600400FDF75CF90123A060DD
:1066200023730B4C0B492000FEF77CF9FA22002360
:10663000300039009200F9F777FF0A2201002000AC
:10664000FEF7F5F904492000FEF782F9D0BDC046F7
:10665000040500208DD20000AED2000010B5037BEF
:10666000040000210020002B08D0FDF733F900239F
:10667000A168421A206861688018594110BDF8B5B8
:10668000037B0C00002B12D001230B70FFF7E6FFF9
:10669000002506000F00EA0030003900F9F7B4FECB
:1066A000631901355870082DF5D109200AE00B70E7
:1066B000FDF710F9030A6070A370030C000E20713F
:1066C0000520E370F8BD0000002200200021034BEC
:1066D000186059609A601A737047C046681B0020A2
:1066E00070B5414C05000E0020004049FEF71AF934
:1066F0003F49042D02D83F4BAA00D1582000FEF795
:1067000015F93D492000FEF70DF93949042E02D84C
:10671000384BB200D1582000FEF708F92000FEF7F0
:106720000FF9042E12D83000F9F7EEFC5703445944
:106730005B0032492000FEF70BF9022D07D13049EA
:106740002000FEF705F92F48FFF7D9F970BD002D9D
:1067500019D101242C4B1C702C4B1D702C4B1D701F
:10676000FDF7B8F82B4B1860FDF7B4F82A4B18600A
:106770002A4B1D602A4B1D60FDF7ACF8294B1860B1
:10678000294B1C70DFE7032DDDD1012200241E4BB5
:106790001A701E4B1C701E4B1C70FDF79BF81D4B96
:1067A0001860FDF797F81C4B18601C4B1C601C4BC5
:1067B0001C60C8E71A4D2B68002B02D1FDF78AF840
:1067C00028601A492000FEF7C3F800F0C9FF142121
:1067D0001748FF31FFF735FDB8E71649F2E71649CC
:1067E000F0E71649EEE7C0460405002064D5000036
:1067F0005CD50000BCD2000071D5000077D5000048
:106800007FD5000050460020D4000020D045002055
:10681000C845002038450020CC4500207C4700209A
:10682000084600203C450020DC000020ADD50000DB
:1068300098460020B4D50000B9D50000C8D50000A6
:10684000F7B504000D00162800D190E02CD8CE4EEC
:10685000112800D1B6E00ED8CC4D032860D0102806
:1068600065D0022812D13000FEF73AFFC84928004F
:10687000FEF76EF8F7BD132800D1BFE000D2ADE0FF
:10688000142800D1D2E0152800D1E5E0BF4DC14960
:106890002800FEF747F8102221002800FEF7D7F85D
:1068A000B948FEF724FFE5E7322816D8B64D302860
:1068B00000D3B1E1B54E17286ED01828E6D1B648FE
:1068C000FFF72FFE002800D190E0002321001A00DE
:1068D0002800FEF713FFB1496AE0342800D1DEE05A
:1068E00000D2CCE0352800D116E13628CED1072AD7
:1068F000D6D9002427002600285DE2000021F9F700
:106900008FFD013407430E43082CF5D13A003300C4
:10691000A348FFF77BFE002336211A009A4882E045
:10692000A049A14A3000FEF7F9FEA0499FE7A04F19
:1069300099483900FFF7A6FD002807D1012321005F
:106940001A003000FEF7DAFE9A4990E70023210092
:106950001A003000FEF7D2FE97492800FDF7E2FF4B
:1069600079880A222800FEF74AF894497FE78A4886
:10697000FFF7B2FD854D031E834806D0002321009A
:106980001A00FEF7BBFE8E4971E7210002230122A7
:10699000FEF7B4FE8B496AE77F48FFF7FBFD00284E
:1069A00008D0002321001A002800FEF7A7FE864920
:1069B00030005DE72100032301222800FEF79EFE40
:1069C0008249F5E77448FFF796FD002321001A007D
:1069D0003000FEF793FE7E496C4849E76E48FFF7AA
:1069E00095FD3000FEF77CFE7A49F5E7210004238F
:1069F00001222800FEF782FE7749D9E7002A00D15C
:106A00004EE709786448FFF715FD604F7349380079
:106A1000FDF788FF29780A223800FEF718F80023CE
:106A200021001A003000FEF769FE23E7002A00D19A
:106A300036E709785848FFF701FD544F6849380098
:106A4000FDF770FF29780A223800FDF7FCFF654941
:106A50003800FDF77DFFE2E7002A00D120E7097842
:106A60004D48FFF7B2FD494F5F493800FDF75AFF27
:106A700029780A223800FDF7E6FF5049E8E7434C41
:106A80005A492000FDF764FF00F07CFE002333210B
:106A90003D481A00FEF732FE55492000E8E6062A76
:106AA00000D8FDE68B784E781B023343CE788D7983
:106AB000360433430E790F7836061E434B7936BAC7
:106AC0001B021D432A003100380000F0FDFF0023A7
:106AD00021001A002C48FEF711FE2C4C45492000DD
:106AE000FDF720FF4449002F00D044492000FDF766
:106AF00019FF43492000FDF715FF0A22310020004D
:106B0000FDF795FF3F492000FDF70CFF0A22290001
:106B10002000FDF778FFADE6002A7BD00E78350027
:106B2000022E00D10425280000F0D4FD041E03DA53
:106B3000280001F005FA040001AA2316137023149B
:106B4000537023129370352104230F48D470FEF73D
:106B5000C3FD0E4D2C492800FDF7E4FE1022310044
:106B60002800FDF770FF022E03D128492800FDF709
:106B7000D9FE27492800FDF7D5FE0A22210028006A
:106B8000FDF74BFF76E6C046D01B00200405002031
:106B9000DED2000044D500005047002019D4000088
:106BA000681B0020F9D20000F2D2000007D30000D9
:106BB000D600002021D300004CD300006AD300008F
:106BC00071D3000085D30000ADD30000C1D3000015
:106BD000E9D30000FDD3000033D4000061D40000ED
:106BE00077D400008DD400008FD40000A5D400001D
:106BF000C2D40000DCD40000D0D20000D7D2000004
:106C000001D500000AD5000013D500002BD50000E7
:106C10003BD50000022685E72800FEF761FD29E646
:106C2000F7B5E121714C49022000FDF709FCFA207B
:106C30008000FCF785FE6E492000FDF789FE6D4D52
:106C4000280001F0EFFB6C49280001F0B9FA6B480D
:106C500001F0E8FB6420FCF773FE00F049FD684991
:106C60002000FDF775FE674D2800FFF7D7FA0622D2
:106C700028006549FFF7E2FA14212800FF31FFF7E9
:106C8000E0FA62492000FDF763FEE1216048490215
:106C9000FDF7D6FB5F48FFF72BF95F48FFF728FAAF
:106CA0005E492000FDF754FE01235D4D00933C2218
:106CB0000221280003F016FC002803D159492000C6
:106CC000FDF746FE2800FFF76FF857492000FDF753
:106CD0003FFEFEF705F9002803D154492000FDF7D7
:106CE00037FE53492000FDF733FEC820FCF728FE8D
:106CF0009523E12101274F4E9B013000C902F75433
:106D00007460FEF7C3FA30004B49FEF7E3FB4B49D2
:106D10002000FDF71DFE4A4E3000FFF771FB494B86
:106D20004949B362494B20003362FDF711FE4848E0
:106D3000FEF7D9FE47492000FDF70AFE4648FFF757
:106D400053FC46492000FDF703FE45492000FDF7AE
:106D5000FFFD00F017FD0A20FCF7F2FD414920007D
:106D6000FDF7F6FD4922404B404841495242186028
:106D700059609A603F48404B404913329A6018600E
:106D800059603F4B3F4920001F70FDF7E1FDFFF7C1
:106D90002BF83D48FCF7D4FDFCF79CFD3B4B1860FD
:106DA0003B4B18603B4B1860280003F089FB39000F
:106DB000280002F0B0FDA0235B032B6128003649B8
:106DC000FDF7C6FD8C239B032B6134492800FDF79A
:106DD000BFFD280003F056FE31492000FDF7B8FD45
:106DE00030492000FDF7B4FDF7BDC0460405002082
:106DF0003AD9000034480020A08601009C470020BA
:106E000060D9000098460020D2D5000072D9000059
:106E100074050020D44500200C4600207ED90000D7
:106E20004045002093D90000B1D90000BBD9000033
:106E3000DAD90000D01B002041680000E6D900002C
:106E400050470020E1660000FDD900001027000037
:106E50005046002012DA0000681B00202ADA0000E9
:106E60003FDA00005CDA00001845002095B2BA0451
:106E700088C3B03E47DE1FD228450020DBD6B03E97
:106E8000C01B002074DA0000DC0500004C47002025
:106E9000CC45002038450020A6DA0000B3DA000017
:106EA000C6DA0000E9DA0000F0B58FB0FCF712FD99
:106EB0005D4C0B902000FEF7CDFD00F0AFFF5B4F67
:106EC0003800FFF7CAFA2000FEF70AFB584D04000D
:106ED0002A78002A0AD00022904209D1554B0B9AF9
:106EE0001A60544B1A680B9B9A1A01E00028F8D0DC
:106EF00021003800FFF71FFB39782C70032928D0B8
:106F00004B1E012B27D90537FB7F002B21D0002CEE
:106F10001FD0494C200003F0D3FA0121200002F0D9
:106F2000FAFCA0235B03236144492000FDF710FD18
:106F30008C239B03236142492000FDF709FDC823F0
:106F40009B0323613F492000FDF702FD200003F071
:106F500099FD0FB0F0BD3C4E0B9A33683B4CD21AF2
:106F600008923B4A1278022900D08FE0002A3AD1D9
:106F7000384D237801392B70374B384E1B78300051
:106F8000013BDBB299425241354B6A701B68089A4B
:106F9000D31A6B602E4B19703249FDF7D9FC324978
:106FA0003000FDF7BFFC0A2229783000FDF72BFDE9
:106FB0002E493000FDF7B6FC0A2269783000FDF753
:106FC00022FD2B493000FDF7ADFCFA2168688900ED
:106FD000F9F7A4F80A2201003000FDF728FD254941
:106FE0003000FDF7B5FC0120002239782378013903
:106FF000C9B2884252412049D2B208684968069015
:1070000007911E4908684968049005911C491D486C
:1070100009780391B9880291F9680191B9680091E2
:107020001949FEF769FE94E7D01B00205047002065
:10703000DC0000203C45002040450020F3D5000046
:10704000FFD500000DD600007C470020D145002070
:10705000C845002090460020D045002004050020AF
:10706000384500201CD600003BD600004BD600005F
:107070005AD600001AD70000901B0020881B002061
:10708000C01B002050460020B0450020002A57D0E9
:10709000D84A1168002953D0591A0B9BD64DCB18EA
:1070A000336000231360D54A4B4208931378D448C9
:1070B000237052780C92002A00D1F2E0002B00D10C
:1070C000DEE0D049FDF744FCC821CF48FFF7B9F80E
:1070D0006420FCF735FC00F0CBFD00F017FF012326
:1070E0002B7000F0FBFE0023C54CC84AC8492000A5
:1070F0001370FDF717FCFA2130688900F9F70EF8D4
:107100000A2201002000FDF792FCC2492000FDF791
:107110001FFCC1492000FDF705FCC04BC0491B788E
:10712000002B00D0BF492000FDF7FCFBBE4920002A
:10713000FDF7F8FBB04B0A2219782000FDF763FC3D
:107140003800FFF764F9B54C051E00D04BE73B78DB
:10715000042B00D147E7A84B1B780C93012B00D1DF
:10716000F1E0002B00D1C9E0022B00D192E1AB4B42
:107170001B78002B00D1C5E1AC4B089A1968521A54
:10718000C72A3DD9AA4D0B9A28001A60FEF7FAFECD
:10719000002835D0A74C280006222100FEF7B3FEB8
:1071A000A54D06232A002100A448FEF76CFF290004
:1071B00006229548FFF7E4F80023A149E8585A58F9
:1071C000821AD41712196240012A00DC94E10122CC
:1071D0009C4B1A7600248A4EA300E9580A223000FC
:1071E000FDF7EEFB631C0893052C06D00921300047
:1071F000FDF7A0FB089C062CEDD13000FDF7A0FBAD
:10720000012000223978854B0139C9B288425241A8
:107210008D491B7808684968069007918B49D2B25E
:10722000086849680490059189498648097803915E
:10723000B9880291F9680191B96800917E49FEF719
:107240005BFD844D0B9B2A689B1A834A934200D8AE
:107250007FE68248FEF728F906000A280DDD684C13
:107260007F492000FDF75EFB31000A222000FDF778
:10727000C6FB7C492000FDF76BFB0B9B2B6068E68F
:107280007949FDF765FB0A215F48FF31FEF7D9FF19
:107290006420FCF755FB00F0D5FC00F037FE02231C
:1072A0001EE7002B19D07149FDF752FB0A21564801
:1072B000FF31FEF7C6FF6420FCF742FB00F0C2FC82
:1072C00000F024FE022330222B706B469B181B78A3
:1072D0002370089A664B1A6003E76649FDF738FB8E
:1072E000C8214948FEF7ADFF6420FCF729FB00F0F8
:1072F000BFFC00F00BFE01232B70E9E75E4E3378F4
:10730000002B03D12378002B00D035E701255B4902
:107310003B48FDF71DFBED213B48FEF7AFFF642026
:10732000FCF70EFB00F0A4FC00F0F0FD324B089AD5
:107330001D70002333704E4B25701A6000F0CEFD97
:10734000404B5D7613E700F08FF90D90002826D0B2
:107350002B4E4B493000FDF7FBFA00F0BFFD4949C9
:107360003000FDF7F5FA0A212748FF31FEF769FFE3
:107370006420FCF7E5FA00F065FC00F0C7FD02238D
:107380001D4A257013703A4B089A1A6000F0A6FD4A
:107390006A46302152182B4B12785A76E7E6344D64
:1073A000089B2A689B1A384A934200D8DFE6144E9D
:1073B00036493000FDF7CCFA00F090FD344930003A
:1073C000FDF7C6FA0A211048FF31FEF73AFF6420A4
:1073D000FCF7B6FA00F036FC00F098FD0223064AEE
:1073E00013706B4634229B181B782370089B2B600C
:1073F000CCE7C04608460020D0450020904600203B
:10740000040500206AD6000098460020C8450020E8
:10741000F4D6000019D700001ED70000D145002087
:10742000E6D50000D8D5000046D70000CC450020A6
:10743000D4450020B41B0020B04500200C4600209D
:107440009C1B002050460020901B0020881B002021
:10745000C01B0020981B002087130000D01B0020B9
:1074600014D9000032D9000086D60000A0D6000052
:1074700038450020C9D60000D400002053D70000B2
:1074800078D70000ADD70000B7880000D0D7000043
:1074900008D8000000F0E8F8374E00281CD0374D1F
:1074A00037492800FDF754FA00F018FD3549280047
:1074B0000125FDF74DFAC8213348FEF7C2FE6420CE
:1074C000FCF73EFA00F0D4FB00F020FD2F4B2570B6
:1074D0001D70089B336031E73268089B9B1A2C4A69
:1074E000934200D843E6254D2A492800FDF730FA9B
:1074F00000F0F4FC2849DAE758500433182B00D088
:107500005CE667E6254B1B78002B00D178E6244B20
:10751000244D0A222449009324482B00FDF784FDC2
:1075200006003220FCF70CFA214B224C00930A2271
:10753000230021492148FDF777FD002E00D15FE6A9
:10754000002800D15CE62A686B68656824680892A8
:1075500009930898099922002B00FAF7EBFA184BC7
:1075600022001860596000900191089809992B0039
:10757000FEF760FC44E6C0463845002004050020C4
:1075800039D8000070D8000098460020D04500206F
:10759000B78800009FD80000D7D80000C01B00208B
:1075A000781B0020881B002018450020204E00007A
:1075B000801B0020901B00202845002050C30000A5
:1075C000C81B002030B5174D85B040212800FEF7BC
:1075D000CFFD15491548FEF77BFC1548FEF70AFD5F
:1075E000144B154C0293154B4022019301235B422F
:1075F00000938021124B200002F050FE114A1249E4
:10760000200004F049FE114C11492000FDF7D8FD7F
:107610001048FEF7DBFE2A0021000F48FEF74DFA66
:1076200005B030BD9846002074050020D4450020E8
:107630000C460020A086010040450020801A06006C
:10764000344800200000002001A30000D01B0020CF
:107650003C05002050470020504600200022014BEE
:107660001A7070479047002010B5134C2378002BF8
:1076700006D1124B5B78002B0AD10024200010BDEC
:10768000FCF728F90E4B1B68C01AC728F1D8F4E79D
:107690002478002C02D10B4B5C78EFE7FCF71AF949
:1076A000074B1B68C01A084B9842F4D90749084891
:1076B000FDF74EF9E2E7C0468047002088470020EA
:1076C0008C4700208247002010270000C2DD000008
:1076D00004050020044B5B78002B02D0034B586854
:1076E000704701204042FBE798470020E00000205F
:1076F000E12110B549020448FCF7A2FEFA208000FF
:10770000FCF71EF910BDC0465805002073B50500F2
:1077100000200E4E3378834216D13A23012401A96A
:107720004B70032231330A488B700D70FDF7D1F88E
:10773000084B34701D70FCF7CDF8074B0122186020
:107740002000064B52421A6076BDC046904700208A
:10775000580500208147002084470020E8000020D1
:1077600013B5052405492200684605F07BF922007F
:1077700069460348FDF7ADF813BDC0465CCC000078
:1077800058050020E121F0B5B64C89B0490220002F
:10779000FCF756FEB4492000FDF7E4F8022108206A
:1077A000FCF702FC02210920FCF7FEFB6420FCF739
:1077B000C7F80820FCF7CEFC434243410700DBB288
:1077C00009200293FCF7C6FC43424341A749DBB2C0
:1077D000060020000193FDF7A9F8A549002F00D06D
:1077E000A4492000FDF7BEF8A3492000FDF79EF84C
:1077F0009F49002E00D09F492000FDF7B3F89F4D10
:10780000002F00D0A4E09E492000FDF7ABF89D4F6B
:107810000422791D06A805F025F9042206A92800EE
:10782000FDF757F83220FCF78BF8002E00D0C5E0AA
:1078300095492000FDF796F839000422133106A877
:1078400005F010F906A904222800FDF742F83220BD
:10785000FCF776F88D4943E0019B002B45D10920C8
:10786000FCF778FC0023019398423ED18849200020
:10787000FDF778F8834905220E3106A805F0F2F8E5
:10788000052206A97D48FDF724F80A20FCF758F8E0
:10789000029B002B28D07B4E0422711D05A805F009
:1078A000E1F8042205A92800FDF713F83220FCF7BF
:1078B00047F878492000FDF755F8310004221331CC
:1078C00006A805F0CFF8042206A92800FDF701F864
:1078D0003220FCF735F870492000FDF743F86F4976
:1078E0002000FDF73FF82DE00197FBF7F3FF039B26
:1078F000C01A6B4B984227D96A493000FDF732F81D
:10790000029B002B0DD15F490522093106A805F025
:10791000A9F8052206A95948FCF7DBFF3220FCF73D
:107920000FF8019B002B0DD1564905220E3106A8F8
:1079300005F098F8052206A95048FCF7CAFF322046
:10794000FBF7FEFF09B0F0BD3800FBF7F9FF67E079
:10795000002E11D14C492000FDF704F849490422BA
:10796000133106A805F07EF8042206A92800FCF7CA
:10797000B0FF3220FBF7E4FF4B492000FCF7D6FFB5
:107980000A2004AB06220021C01805F074F8474B0A
:1079900006AF3B806B23FB716A3B3900FB7008220A
:1079A0002B3336483B71FCF794FF3220FBF7C8FFBE
:1079B0003F492000FCF7D6FF002E1FD03D49200094
:1079C000FCF7B4FF0A2004AB06220021C01805F022
:1079D00052F8394B06AE33806B23F3716A3B3100AA
:1079E000F37008222B3325483371FCF772FF3220E5
:1079F000FBF7A6FF2E492000FCF7B4FFFBF76AFF58
:107A0000184E03902D493000FCF790FF0A222449BC
:107A10003000FDF70CF82A493000FCF7A3FF0127DE
:107A2000029B002B17D10820FCF794FB002800D004
:107A300012E724492000FCF795FF1249052209317D
:107A400006A805F00FF8052206A90C48FCF741FF2F
:107A50000A20FBF775FF019B002B00D01BE7029764
:107A6000FDE6C0460405002027DB00004BDB0000DC
:107A700002DB000014DB00006EDB00005805002074
:107A800091DB00005CCC000030DD00005EDD00001A
:107A90007BDC0000B2DC0000CBDC0000E4DC00009A
:107AA000307500000EDD0000BFDB000002F6FFFFB6
:107AB000E2DB0000F8DB000004F6FFFF1BDC000047
:107AC0003DDC000044DC0000F0B5130A8FB00093E9
:107AD000D3B201930B0E02930B0CDBB203930B0A90
:107AE000DBB20493CBB20593394B150006AA138081
:107AF0008C230C001100537102226B460600080013
:107B0000FF324A816B211F780173C7701F79010012
:107B100007711F7AF43A87711F7B8670C7711F7CCB
:107B200007721F7D47722B4F3800FCF7D2FE3220C0
:107B3000FBF706FF284B0AA90B808C234B71213BD6
:107B40000B736B461B780222CB706B461B79FF329E
:107B50000B716B461B7A4A818B716B461B7B0D2226
:107B6000CB716B461B7C38000B726B461B7D8E7095
:107B70004B72FCF7AEFE3220FBF7E2FE04221749FF
:107B80003800FCF7A6FE164F16493800FCF7CAFE6F
:107B90001549002E00D015493800FCF7C3FE1449E2
:107BA0003800FCF7BFFE0A2221003800FCF73FFF37
:107BB00010493800FCF7B6FE0A2229003800FCF70D
:107BC0001EFF0D493800FCF7C3FE0FB0F0BDC046E4
:107BD00002FDFFFF5805002004FDFFFFEE0000201E
:107BE0000405002096DD0000D0D20000D7D20000AE
:107BF00001D500000AD50000BEDD000030B585B01B
:107C00006D4628701E206C46FD2328710018637095
:107C10006871FC3B0020E3726B24A871E9712A7241
:107C2000694668720D220648AB70EB70AB722C731C
:107C3000FCF74FFE3220FBF783FE05B030BDC04697
:107C400058050020002210B511000220FFF7D6FFD2
:107C5000002204201100FFF7D1FF0422024903484B
:107C6000FCF737FE10BDC046EE000020580500208E
:107C700010B5502206210220FFF7C0FF5022062136
:107C80000420FFF7BBFF042202490348FCF721FE52
:107C900010BDC046EE00002058050020F0B5514C44
:107CA00087B027780600002F03D10027380007B0DF
:107CB000F0BDFBF70FFE4C4B1B68C01AC82805D956
:107CC000002323709E42F1D03370EFE7474D280028
:107CD000FCF7C8FB0328E8DD00242800FCF7C2FB02
:107CE000002808D0042C09D02800FCF7F7FB05ABCE
:107CF000E0540134F1E70190042C6AD100203C4BA0
:107D000005AA11781B7801908B4262D151783A29EB
:107D10005FD1D1786B295CD1947802222240100087
:107D20000292421E9041023BC2B201921A00531EBF
:107D30009A41304B03929B5CA3424AD02E4D2F496F
:107D40002800FCF7EFFD2A4B102219782800FCF7D9
:107D50007AFE2B492800FCF7E5FD0F2C03D83021D3
:107D60002800FCF7E7FD102221002800FCF76BFE3D
:107D700024492800FCF7D6FD2349E30700D4234912
:107D80001D4D2800FCF7D2FD21492800FCF7CAFD53
:107D9000029B1D49002B00D11C492800FCF7C6FDA1
:107DA0001C492800FCF7BEFD1749630700D417499A
:107DB0002800FCF7BBFD18492800FCF7B3FD124969
:107DC000230700D411492800FCF7CCFD094B039A86
:107DD0009C540022034B1A70964200D166E76B4612
:107DE0001B7971E790470020844700205805002048
:107DF00081470020EC0000200405002078DE000010
:107E00008ADE00009BDE000070DE000074DE0000F1
:107E100000DE0000A4DE0000ADDE00001E4BF7B562
:107E20001B78002B2CD06B46DC1D2000FFF736FFA3
:107E3000002824D0194B1B78042B1CD1184E227813
:107E40003378184D9A4202D16B78002B0ED1164F21
:107E500016493800FCF766FD23781549002B00D140
:107E600014493800FCF77EFD23783370124B2278DA
:107E70005A7001236B70FBF72DFD104B1860F7BD96
:107E8000FBF728FD0D4B1B68C01A6328F7D90420A7
:107E9000FFF73CFCF3E7C0469047002081470020F5
:107EA0009A4700208847002004050020EDDD0000EF
:107EB00070DE000074DE000082470020944700203E
:107EC00010B5054C2000FCF7CDFA002803D02000A7
:107ED000FCF704FBF5E710BD58050020002310B5A2
:107EE000064A13705370064A1370FFF7B7FBFFF78B
:107EF000E7FF04490448FCF72BFD10BD884700202C
:107F00008047002009DE00000405002010B5FBF7C3
:107F1000E1FC0122064B1860064B1A70FFF79EFB2E
:107F2000FFF7CEFF04490548FCF712FD10BDC0461F
:107F30008C4700208047002031DE0000040500202F
:107F4000F0B5050085B02B4C2000FCF78BFA00281B
:107F500003D02000FCF7C2FAF5E7362301A94B70E5
:107F60000322353320008B700D70FCF7B2FCFBF759
:107F7000B1FC0600FBF7AEFCF423FF33801B9842F4
:107F800036D82000FCF76EFA07282DDD00272000E8
:107F9000FCF768FA002808D0082F08D02000FCF76A
:107FA0009DFA02ABF8540137F1E7082F1CD102AA61
:107FB0001378AB4218D15378362B15D1D3796B2B6C
:107FC00012D10B2169444B7808781B02034388784F
:107FD00000040343C87800061843937800BA012BC5
:107FE00000D1404205B0F0BD0120FBF7A9FCC1E77C
:107FF0000120F6E75805002013B56B460268D971D9
:108000000733546819000122A04716BD030010B5BC
:1080100086331B78002B10D04C228430007808491E
:1080200042438A18946C536C9C4206D026234343E7
:10803000926C9B185B00585A10BD01204042FBE730
:10804000304B0020030010B586331B780400022B50
:1080500005D120006C3000F07BFF0028F9D010BD66
:10806000F0B501240023270085B0029385300393E7
:1080700002783B4BD2009B185A799B79394E9B0072
:1080800001939B5D00921D071B099F402D0F390036
:108090002800220003F012F9B9B22700324B68031E
:1080A000C018220003F0D8F8009A9200935D009265
:1080B0001D071B099F402D0F22003900280003F0E7
:1080C000FDF8294B6D03ED18BFB23900280003F00D
:1080D000EBF822003900280003F0A4F8029B092BDA
:1080E0003BDC2100019B204FF05C03099940000715
:1080F000C00B89B2C01903F0D1F8051E2DD12100A3
:10810000009BF05C030999400007C00B89B2C019BD
:1081100003F0CCF80395154D039BAB4204DCC0463D
:10812000039B01330393F7E72100009BF05C0309F5
:10813000994000070C4BC00BC01889B203F0B4F88B
:1081400000230393039BAB4203DCC046039B013334
:10815000F7E7029B01330293C0E705B0F0BDC046CC
:1081600014EA000044EA000000000B40CF070000C2
:10817000FA2370B5002604009B0083600D4B466017
:108180000833036018300D0000F014FC23006C333A
:108190001E735D765E732200074BED00E9585D1992
:1081A000230088321160EA7984331A70034A200070
:1081B000DA6070BDBCDE000014EA0000A8610000B7
:1081C0000300F7B5863301911C78012C52D1394B4D
:1081D0002500994205D900242500374B8B42654183
:1081E000EDB288300368354A0600934249D1002C2D
:1081F00041D00221002002F0C9FF002002F0DAFF86
:108200000090C022376812023B6808261340802283
:10821000D201934209D0802201361202934204D047
:108220005A425341033E5B421E40254B1868002CC6
:108230003AD02449F7F772FF142504000920019B66
:108240005D43009B29005843F7F768FF801B031B21
:108250000B200193009B29005843F7F75FFF019B18
:10826000861B341BE643D843F617C017184034402A
:1082700038617C61F7BD0121002DBBD129002800A8
:10828000B9E70021104A00919342BAD18C4205D03F
:108290000231080002F07AFF0220AFE70121002D31
:1082A00000D129000220F5E7002D01D00749C1E7E0
:1082B0000749BFE7C0270900804F12000080044033
:1082C000F80000200048E801009004400024F40079
:1082D00000127A000200F0B5853212780400030023
:1082E0004748D20080180422825689B084331D7812
:1082F000069242798079434E07902000735D953055
:1083000001700F38002B59D14B1E5F1EBB4101334A
:10831000037073552300002701263B4D8E331970DF
:1083200003939200013B1F70535D1807020F0492E4
:1083300032001B099A40059205990722049802F021
:10834000BDFF079B07229B005B5D1D071B099E402D
:108350002D0F3100280002F0B1FF6A46049B6D0327
:1083600058032A4B918AC018ED1823002200863347
:108370001B788832B6B20492012B24D13A0002F065
:108380005AFF3A003100280002F055FF204B2149E6
:108390001868039B26001F78F7F7C0FE1E4D04994E
:1083A00001900095183630003B00069A096800F0ED
:1083B0000DFB29002000FFF703FF02E00378002BEC
:1083C000A8D109B0F0BD022202F035FF310028002B
:1083D000022202F030FF23004C22200084331B785D
:1083E00003995A4309780D4B01910D49D31852183E
:1083F000049900926C30069A096800F0A1FDE0E74C
:1084000014EA00002C4B002044EA000000000B405E
:10841000F800002000127A00A0860100C84B00205E
:10842000304B002010B50121FFF754FF10BD0000B4
:10843000030086331B78002B0ED0030001228D33FE
:108440001A70013B19704C23843002785A43034B55
:108450009B1800225A649A647047C046C84B00209B
:1084600010B5C9B2FFF7E4FF10BDF0B504008BB042
:10847000080003A94A60220025008B600023903287
:108480001268183503902800CB600B614A614B7667
:1084900000F0DCFB280000F0E3FA0028FAD00138F5
:1084A00005282AD8F7F730FE2B09072909030225EA
:1084B00028000BB0F0BD0325FAE7230094331B78A6
:1084C0000525002BF4D026002300012288363068D1
:1084D0008F331A7007694369019303F047F820004E
:1084E000FFF7BEFD2300953319782000FFF7F2FE59
:1084F0003368019A1F615A61DAE70425D8E700253D
:10850000D6E7030010B586331B78002B04D0012B6F
:1085100003D1183000F0ACFB10BD03006C330269CE
:108520004169180000F040FDF6E7000010B506486C
:10853000FFF7E7FF0548FFF7E4FF0548FFF7E1FF16
:108540000448FFF7DEFF10BD34480020CC4800206F
:1085500064490020FC49002010B50348FFF7D1FF13
:108560000248FFF7CEFF10BD9C470020944A002030
:10857000436C806C181A00D521307047020003004C
:10858000002010B586321278824207D084331B78DF
:108590004C305843024BC018FFF7EAFF10BDC046ED
:1085A000304B00200300F7B586331B78050016001A
:1085B000002B38D0012B31D103008D331B78002BD9
:1085C00032D00C008B180193019B9C422CD02B00C5
:1085D0008433009318784C235843144FC019FFF785
:1085E000C7FF202820DC4C22009B1B785A43BA1876
:1085F000526C0132212A00D100224C2159437918B2
:10860000886C904208D0486C8446262043432078EA
:1086100063445B00F8524A640134D5E76C3000F0E3
:10862000ACFC002800D000263000FEBDC84B002066
:10863000826C436C9A420AD0836C5B001A5A836C3A
:108640000133212B00D100238364100070470120E7
:108650004042FBE7F0B504008DB003AF0191212249
:108660000021380004F007FA230086331B78042029
:10867000002B03D0012B03D00425E8B20DB0F0BDD0
:10868000002526004C2384363078194A5843801838
:10869000FFF76EFF00280AD04C2330785843144B64
:1086A000C018FFF7C5FF78550135212DE9D122000B
:1086B0008C32ABB2117820003A00FFF7D6FE4C2383
:1086C000327845B253430A4AD31800225A649A6456
:1086D00023008D331A70042DCED0019B934201D11B
:1086E0009542CAD08834206802F082FEC5E7C046B1
:1086F000C84B0020030010B586331B78002B08D030
:10870000843003784C205843034BC018FFF790FF88
:1087100010BD01204042FBE7304B0020F0B595B082
:10872000019102920600212200210BA8039300244C
:1087300004F0A1F94C253300843300931878324FAC
:108740006843C019FFF714FF00280AD0009B18786F
:108750006843C019FFF76CFF0BABE0540134212CC8
:10876000E9D1019B350004930BAB0593029B04AA4E
:108770000793039B06940893330090331B681835C6
:1087800000930993002353769C4210D011002800D7
:1087900000F068FA280000F063F90028FAD00138E8
:1087A00005282CD8F7F7B0FC080E0C2B0E2D04A9C9
:1087B000280000F051FAEDE70024200015B0F0BDCC
:1087C0000324FAE7330094331B780524002BF4D0FC
:1087D000350033000122883528688F331A70076905
:1087E0004369009302F0C2FE3300953319783000DC
:1087F000FFF770FD2B68009A1F615A61DDE70424C2
:10880000DBE70224D9E7C046C84B0020F0B58FB0A3
:10881000039314AB1E7815AB1B78019102930300F0
:1088200086331B7804000025012B6AD1171C212AEE
:1088300000D92127FFB2002E19D001992000FFF79F
:10884000F7FD351C032E00D90325EDB2013DEDB235
:10885000FF2D08D00399EB00D9402368C9B21B68EB
:1088600020009847F2E700212000FFF7F3FEBBB29B
:1088700005AA01992000FFF751FF40B200283BD024
:108880000025042807D0029B012B04D12300883344
:10889000186802F0ADFDAF4233D14C2300209C4656
:1088A000194E85422DDD230084331F7863467B43B8
:1088B000F3185B6C0133212B00D1002362467A430D
:1088C000B218916C99421CD0526C0132212A00D10D
:1088D00000226146794371188B6C93420AD04B6C2D
:1088E0004A64019326237B43019FDB1905AFC75DD3
:1088F0005B00F7520130D4E7029B3D00012BCCD145
:10890000C4E728000FB0F0BD304B002070B5212621
:1089100000241E4D32000021280004F0ACF86C64E5
:108920003200AC6421001A4804F0A5F82B009435FD
:1089300090331C602C60174D32002100280004F099
:108940009AF832006C642100AC64134804F093F888
:108950002B00943590331C6021002C600F48FFF7EA
:1089600007FC01210E48FFF703FC02210D48FFF729
:10897000FFFB03210C48FFF7FBFB04210B48FFF72B
:10898000F7FB05210A48FFF7F3FB70BD304B0020D1
:108990007C4B0020C84B0020144C00209C4700203A
:1089A00034480020CC48002064490020FC490020C5
:1089B000944A00200300002110B5040050331970C0
:1089C000502204F058F8200010BD00007FB50325A8
:1089D0000160FF211540ED000400A9408020C9433B
:1089E000A840002A29DB1F2601251640B540194E54
:1089F0003560920892009219C026B6009559294018
:108A000008439051002201A90B81089B0A804B600A
:108A1000099B8A702068CB7002F090FC01222068CC
:108A20000D4902F0EAFC2068012102F037FD8021A7
:108A30002068090202F040FD7FBD0F252A40083A58
:108A4000064D920892005219D56929400843D06119
:108A5000D8E7C04600E100E00507010000ED00E0B6
:108A600070B5050051352B780400002B08D0FAF7BB
:108A700037FF636C636CA26CC31AD31AA36460647F
:108A8000A36B0420012B20D0236C0130012B1CD0C0
:108A9000E06A43425841A36CC0B2002B0FDC2B7834
:108AA000002B0CD000228021E2628900206802F0B5
:108AB000A4FC80212068890002F0D4FC0220236BF2
:108AC000012B03D100230320236370BD636B012BB3
:108AD000FBD1002306206363F7E770B5802504000F
:108AE0002D032900206802F0B7FC012812D12300D1
:108AF00051331B78002B08D0FAF7F2FE636C636CDD
:108B0000A26CC31AD31AA3646064A36C002BE8DCC4
:108B1000022070BD0020FCE7F7B5040000680427C0
:108B20000669456902F022FD094B0A491868F7F702
:108B3000F5FAE757084B019000933A0001232168AA
:108B40002000FFF743FF23681E615D61F7BDC0464B
:108B5000F800002000127A00A08601000023F7B57B
:108B6000019303680400DE68C36B0D00012B0FD175
:108B7000FAF7B6FE802701903F03FAF7B1FE019B9A
:108B8000C01A312804D82368DB68BB42F5D1F7BD91
:108B9000C0235B031E4080231B039E4202D12000A2
:108BA000FFF7BAFF0023284AA3601360AA68E260B7
:108BB0006A68636122612A69A261EA68E2612A68DF
:108BC0002262297E621DD1770121E1626363236302
:108BD000A363E36323646B694C32002B08D01170EC
:108BE0001278002A06D0A364A36C002B02DCFEE7F7
:108BF0001370F5E76B7E0121E364206802F0EEFB61
:108C0000FAF76EFE802160648900206802F02AFC79
:108C1000802101228900206802F0EFFB2B7E013BBE
:108C2000012B0ED8802101228902206802F0E5FB89
:108C30000023A362236AA26A99B2206802F0F0FBC3
:108C4000A5E78023DB00F4E7604C0020012310B58A
:108C50000B76FFF783FF10BD002310B50B76FFF7EF
:108C60007DFF10BD022310B50B76FFF777FF10BD17
:108C700070B50C210400006802F0E3FB8021C900FC
:108C8000084205D00123A363206802F0EBFB0BE050
:108C9000C3050AD52000FFF73FFF0121206802F03D
:108CA0009DFB0123A363E36370BD8021090108429A
:108CB00002D001232364E7E780239B00984203D17D
:108CC000012301002363DFE7C8235B0398423DD003
:108CD00033D8684B98426AD00ED880235B02984202
:108CE00076D00F210840DFD1634A13680133632B2C
:108CF00000D9B7E01360D7E7604B98425BD0604B78
:108D00009842EED180212068890002F0ABFBE36C31
:108D1000002B08D02000FFF7E0FE0228C4D000217D
:108D2000206802F05BFB220050321378012B00D048
:108D300095E0002111706363B6E7E8239B03984236
:108D40005ED02FD8E8235B039842CAD123000222C9
:108D500050331A70A3696269023B9A4203D1002121
:108D6000206802F053FBE369626920689D1802F0F5
:108D700065FB28706369A26901336361934200D087
:108D800092E70025E562E36CAB4200D18CE720005E
:108D9000FFF7A3FE022800D186E72900206802F031
:108DA0001DFB81E7374B98422AD0374BA8E70123B8
:108DB0005034237078E72300022250331A70A369DD
:108DC000012B00D870E70121206802F01FFB6BE740
:108DD0002300022250331A70A3696269023B9A424F
:108DE00003D10021206802F011FBE3696269206869
:108DF0009D1802F023FB287063690133636153E718
:108E00002300032250331A70E5682068002D0BD030
:108E10002369A268995C02F00FFBA3680133A36089
:108E2000E368013BE3603FE780212A00890202F00A
:108E3000E4FA631DDB7F012B05D1E562E36C002BB7
:108E400000D131E7A3E7022B00D02DE78022236A6F
:108E5000D200A26299B2206802F0E2FA24E701236C
:108E6000236321E710602000FFF756FE0123A36370
:108E70001AE7C04601001800604C002004001800EA
:108E80000002180004003A0000023A007FB50325F2
:108E900001600C00FF211540ED0002718360A940C4
:108EA0008020C943A840002A35DB1F260125164033
:108EB000B5401F4E3560920892009219C026B60048
:108EC000955929400843905101A90B8180235B02E9
:108ED000019300232000029302F030FAFA21154B8F
:108EE000C9001868F7F71AF90100200002F0CAFA61
:108EF000E0212000C90202F0CBFA2000012102F09B
:108F0000B3FA2000012102F069FA01220A49200087
:108F100002F073FA7FBD0F252A40083A074D9208E8
:108F200092005219D56929400843D061CCE7C04668
:108F300000E100E0F8000020060F060000ED00E070
:108F400010B50361029B4361039BFFF79FFF10BDB8
:108F500010B50069FFF70CFB43425841C0B210BD89
:108F6000436C0133212B00D10023826C9A4203D041
:108F7000426C520011524364704770B506001400F1
:108F80000D003069FFF7F4FA202808DC002C06D029
:108F900029783069FFF7E4FF013C0135F1E76042D1
:108FA0006041C0B270BD0000F7B5066804000F0054
:108FB00030000C21019202F044FA8021C900050022
:108FC000084202D0300002F04DFA802149000D42E3
:108FD00002D0300002F046FA802109010D4202D091
:108FE000300002F03FFAAB072CD5EB0324D530005C
:108FF00002F024FA6269536C0133212B00D1002363
:10900000916C994203D081B21000FFF7A9FF0021B3
:10901000300002F0FBF9002F06D0237B002B03D198
:109020006069FFF7A5FAB847002301216373300098
:10903000237302F0EBF9F7BD022DE8D0374B9D42C8
:10904000F9D1E4E780212B0089000B40009303D085
:10905000300002F007FAEEE780229202EB0319D506
:109060002F4B2B40934212D001236373300002F048
:10907000E5F96269536C0133212B00D1009B916C9F
:109080009942D8D081B21000FFF76AFFD3E76B0393
:10909000D1D5EBE7154233D0637B002B07D0002FEF
:1090A00003D06069FFF764FAB84700236373237B3A
:1090B000DBB2002B08D1226953649364019B002B1F
:1090C00000D09847012323732069FFF751FA00214C
:1090D00088420ED02369986C5A6C90420DD09A6CDD
:1090E0005200D05A9A6C0132212A00D10A009A64A7
:1090F000C1B2300002F0A0F99DE701204042F7E73D
:109100006B0798D4300002F031FA0422A368A2560B
:1091100021682000FFF7BAFE8DE7C0460600080070
:1091200004000200F0B51D0089B00EAB00241C5FE6
:109130000FAB1B8816000693A31ADA179B1853402F
:1091400002936B1ADA179B1853400393039A029BFE
:109150000190934205DC23002C001D0033000E001B
:109160001900A64205DC2B000D0019002300340075
:109170001E00331B9BB204934B1BDA179B18534002
:1091800007936B4610229A5ED30F9B185B100093D7
:1091900001238D4221DA0593B44224DC019B039A1A
:1091A0001B689B691F00029B934218DD2200290067
:1091B000069B0198B847009B079A9B1A9BB21AB26C
:1091C0000092002A06DA059AAD18049A2DB2D31837
:1091D0001BB20093013424B2DEE75B42DBE7069B5F
:1091E0002A002100E5E709B0F0BD704710B504681A
:1091F0002469A04710BD37B506AC258804680095E2
:10920000A46BA04737BD37B506AC25880468009528
:10921000E46BA04737BD73B506AC0025655F07ACAE
:109220002688046801960095246CA04773BDF0B5AC
:10923000160004000D0085B003930AAB1F88036875
:109240005B699847039B2268013B9B191BB2009303
:109250000197976A2B00320029002000B847236845
:109260002000DB6A984705B0F0BDF0B505001C0092
:109270000E00170085B00AAB1B88013C03930368FE
:10928000A4195B69984703992A680191009723B252
:109290003100946A28003A00A0472B682800DB6A56
:1092A000984705B0F0BDF0B50E0087B003930CAB46
:1092B000029200229B5E050004930DAB1B883400D4
:1092C000059303685B699847039A2B68B218944228
:1092D0000ADA059A210000921F6A029A049B28006C
:1092E0000134B84724B2EFE7DB6A2800984707B09B
:1092F000F0BD13B501910E24015F0C22835E02685C
:109300000091146C00221100A04713BDF0B50400B9
:1093100015000E0087B004930CAB00229B5E0593F2
:109320000DAB1B88039303685B699847039A236816
:1093300000925F6A2A00049B31002000B847059B19
:1093400003995A1E2368009152195F6A3100049BE9
:10935000200012B2B847039A236800921F6A2A00BD
:10936000059B31002000B8470499039A236801390E
:109370000092891909B21F6A2A00059B2000B8478C
:1093800023682000DB6A984707B0F0BD7047F0B54E
:1093900085B01E000AAB0027DF5F0BAB1B881400F3
:1093A0000500029103930268B14210D1BC4202DC75
:1093B0003B0027001C00039901340091E31B966BCE
:1093C0001BB23A0002992800B04705B0F0BDBC427C
:1093D00011D1029BB34202DC3300029E0293029B36
:1093E0000399013300919B1BD76B1BB22200310004
:1093F0002800B847E9E753699847039A2B68019218
:1094000000979F6A2800330022000299B8472B6812
:109410002800DB6A9847D8E70323194010B50822D3
:10942000835E81760A24025F012904D0032902D0D9
:109430008381C28110BD8281C381FBE74281C281E9
:109440000122524242610222002310B5FF32074C32
:109450000283013A0834FF3A43600460018181814C
:1094600003618376C2760377036210BDE0E30000F8
:10947000F0B58DB0089312AB039200229B5E07916A
:10948000049313AB00229B5E0400099314AB1B886A
:109490000A9303685B6998470722049B039FD91DC1
:1094A000CB1713405B18DB10059300231D000193BD
:1094B0000B92039ABBB206939B1A099A1BB29A426B
:1094C0002BDD0023049A93421EDA9AB202920B9A81
:1094D0006D0099B2EDB2114204D1089A0199DB10E6
:1094E0005218D55C6BB2002B0ADA079B029A200057
:1094F000D118236809B29B693A001E000A9BB04745
:10950000029E013633B2DDE7059A019B9446069F21
:109510006344013701933FB2CBE723682000DB6A45
:1095200098470DB0F0BD0000F0B595B01D001AAB26
:109530001B88040005931BAB1E881CAB1B7808918D
:1095400003931DAB1B7804920293036A002B00D097
:10955000C4E00C22835E8B4200DC7DE00E22835E41
:10956000049A934278DD0623039A53435B18002B39
:1095700072DD029B049ADB009B18002B6CDD037FDD
:10958000002B03D1AF2D01D90135EDB223682000A6
:109590005B69984705235D430B9300230793984B22
:1095A0005B190F93079A0F9B9B5C0A936B469B8BEF
:1095B00009936B469B890D936B460D9A1F8C099BF3
:1095C0005343FB181BB20E9308230C9300230693FE
:1095D00001220A9B2068134252D06B461A8B198ACB
:1095E000039B012B3AD1029B012B37D1099B5218C7
:1095F0008569D919059B12B209B22000A847069BBC
:1096000001335BB206930A9B5B080A930C9B013BF8
:10961000DBB20C93002BDBD1079B01335BB20793CA
:109620000B9B013BDBB20B93002BBBD1059BB342E1
:109630000ED0039B2268012B3FD1029B012B3CD112
:1096400005370096156A39B20733049A2000A847F7
:1096500023682000DB6A984715B0F0BD6B460C25E7
:109660005B5F029D6A438A18059912B201916946AF
:109670000825495F0091C5690E992000A847BEE7FB
:10968000059BB342BBD06B46198B1A8A039B012BF7
:109690000AD1029B012B07D1099B5218D91912B28A
:1096A00009B285693300A8E76B460C255B5F029D14
:1096B00001966943521812B2D9E76B460C215B5EE2
:1096C00005210D980196414302987918C000009039
:1096D000D56909B2049A2000A847B9E71A7AAD1AE9
:1096E000EDB25A68ED001B68551913932B88099346
:1096F000AB780D93EB7811930523EB560E9306236D
:10970000EB560F93039B012B02D8029B012B56D9DA
:109710006B4638229B5E0B936B463C229B5E0C9300
:109720000027236820005B69984707970697119BDD
:10973000069A9A4200D38BE76B461B8A00260A934F
:109740000C9B9B18029A53430A9AD3181BB210938E
:109750003B000D9A96424BD25A1CD2B2129207226B
:10976000134207D1099B0999139A0133525C9BB2AA
:10977000079209936B461B7F5BB2002B17DA6B468F
:10978000198C039B2068012B1DD1029B012B1AD140
:109790000A9B0F9A9A18069BD2180E9B12B2C918F0
:1097A000836989191D0009B2059B2000A847079B02
:1097B00001365B00DBB20793F6B2129BC9E70023C8
:1097C0000C930B93ACE76B460C229B5E0B9A039DAC
:1097D00092196A438918059A09B201926A460825C6
:1097E000525F0092C26920001500109AA847DEE778
:1097F000069D0D9B0135FF18EBB2FFB2069396E76D
:10980000E0DE0000F0B5026A85B004000B00002A1B
:1098100034D10A2908D1437E0282DB00628A9B1878
:109820006382012005B0F0BD0D29FAD0E17E007EF3
:10983000657E00290ED01026A15F062646438919B1
:109840000C27E65FB14205DD1226A15F2282EA0005
:10985000521862820290E08A1221625E0190A08A10
:109860001026A15F009003952000FFF75DFE062201
:10987000237E5343228A9B182382D2E70A2905D1EB
:1098800000230382127B437E5343C7E70D29C8D0D0
:10989000117A8B42C5D3907A9842C2D3591AC9B271
:1098A0005068C9004518AF78002F28D0E978002902
:1098B00025D0E17E207E667E002913D005216956E1
:1098C000C91941438C461021675EBC440C21675E78
:1098D000BC4507DD1227E15F00272782127B724318
:1098E000521862820290E08A1221625E0190A08A80
:1098F0001027E15F009003962000FFF715FE2B79FB
:10990000227EB6E7002900D101310176002A00D17C
:1099100001324276704710B50A00FFF7F3FF10BD21
:1099200000230372203301704260C360704710B59A
:10993000037A0400002B0BD021786068FEF778FDD5
:1099400001216068FEF786FE43425841C0B210BD57
:10995000012100F003F80028EED1F8E770B504000B
:1099600040680D00FEF75EFD01202072002D02D040
:109970002000FFF7DCFF70BDF7B5099D16000193CD
:109980005319C26804000F00934201D90020FEBDA4
:1099900001784068FEF74CFD002D0FD16068320061
:1099A000036839005B6898478642EFD10199606887
:1099B000FEF750FE43425841C0B2E8E7089B002B37
:1099C000ECD060682A00036808995B689847A84251
:1099D000DCD1E3E7F7B500240F0001780193009490
:1099E0002300050016004068D2B2FEF70FFF2300E7
:1099F00086420AD1A64207D9686803685B6998471E
:109A000038550134A4B2F5E701231800FEBDF7B5BF
:109A100007001600002400910193B44213D2FB68A2
:109A2000351B9D4200D91D00721B019BA24200D92B
:109A30000023009A380011192A00FFF7CBFF0028F5
:109A400002D06419E9E70120FEBD73B504000020CF
:109A50001D0006AB40CB1B78019000902000FFF763
:109A60008BFF002805D00123320029002000FFF7DA
:109A7000CEFF76BD13B56B460268D97107335468C3
:109A800019000122A04716BD0200A430A03210B573
:109A9000146801688C4204DB12680068801A203068
:109AA00010BD00681368C01A0138F9E7826D436D74
:109AB0009A4204D0836D5B00C018008A7047012071
:109AC0004042FBE7F8B5FA230025212704009B005C
:109AD00083601B4B0E00083303603A004560290089
:109AE000103002F0C8FF200065653A00A565290026
:109AF0005C3002F0C0FF2300124AA0339A610C21AF
:109B0000012220001D601A775D605D777143343358
:109B10001D705D60FE32083B1A700B4A1A3B1E70C6
:109B20005318DD7A8A58B13005701F300260220068
:109B3000597A9B7AC032200011705370F8BDC0462C
:109B400038E4000000093D00C0EA0000030010B541
:109B5000B0331B78002B1BD00300D4331B78012BB0
:109B600006D101000B4AD831136C09680B4313640A
:109B700003000122B43352421A80074AD0305A609F
:109B800001221A72002205215A72006801F048FD74
:109B900010BDC0460040024000093D000300B03344
:109BA0001A7800239A4208D00422D0300368196141
:109BB00059691142FCD01B69DBB2180070470000E4
:109BC000F0B50E0091B01F0016AB1B780500029394
:109BD00017AB1B780021039318AB1C78300001925F
:109BE00001F00AFD0023012C01D08023DB01059345
:109BF0008023DB000693039B0821581E834101202C
:109C00005B030893BB07DB0F9B020A93029B074091
:109C10000B975F427B4100221B03079109920C9333
:109C20000D90844242D10E91019B05A930000F9303
:109C300001F0BEFC0121300001F0E8FC2B002F4FA9
:109C4000D033B235012C3FD122001868042101F035
:109C5000E7FC0C232A785343FB181B7A5BB2002BDA
:109C600004DB1F2213409C40254B1C600C232A78E8
:109C700003205343FF180823FF22FB56C02118403E
:109C8000C00082408140D243002B11DBC0241C481D
:109C90009B089B001B18A400185902400A431A5144
:109CA0000121300001F0A8FC11B0F0BD0E92BBE71D
:109CB0000F200340083B13489B089B001B18D869E2
:109CC00002400A43DA61EBE700221868052101F03F
:109CD000A7FC0C232A785343FF180823FB56002BBC
:109CE000DEDB1F2213401E3A9A401300064AD36758
:109CF000BFF34F8FBFF36F8FD2E7C046C0EA0000BB
:109D000000E100E000ED00E004E100E070B50D1EB0
:109D100000D10F4D0F4E29003068F6F7FFF92900EA
:109D200004003068F6F780FA002C0CD0002900D02F
:109D3000013401232340E418802320009B029C422D
:109D400000D9180070BD02240029F1D1F4E7C04603
:109D500000093D00F80000200300F0B5B2331A7886
:109D60000C2304005A43344B87B09B18D8795A7996
:109D70009F791B79049005932300DC3319702B3BEA
:109D800018782E4D013B295C002950D1013129540E
:109D90001970012529002A4E9200905D05220309C1
:109DA00000079940000F01F089FA2900BF00B85D53
:109DB0000522030900079940000F01F07FFA2900EE
:109DC0002500049B05229B00985DDC3503090007F4
:109DD0009940000F01F072FA2978012909D1059BF9
:109DE00005229B00985D030900079940000F01F0D0
:109DF00065FA2300B83319682000FFF787FF2300B6
:109E00002978BD331B7802912100CC31097882B2C8
:109E1000FF394D1EA941019121002000BC31097874
:109E2000D030009101682000FFF7CAFE02E01B78E5
:109E3000002BAED107B0F0BDC0EA0000044F0020F7
:109E400044EA000070B5040088B005A883602300D0
:109E500005914260B0331B78002B2FD02300D43300
:109E60001B78012B06D12100154AD831136C0968E3
:109E70008B4313642300260025004168B833196022
:109E8000437ABD363370037ABC352B702000FFF760
:109E90003DFF2100DC310978337802912100CC317B
:109EA000097882B2FF394E1EB14120000191297814
:109EB000D030009101682000FFF782FE08B070BD2D
:109EC0000040024010B51030FEF752FB10BD10B537
:109ED0001030FEF7ADFB10BD436C0133212B00D1D8
:109EE0000023806CC01A43425841C0B27047000042
:109EF000F7B505000E00141E35D0002935D003003B
:109F0000DC331B78002B32D00F008B180193019BA0
:109F1000BC1BBB420DD02B005C3318000093FFF735
:109F2000DBFF002805D139780098FFF719F80137D1
:109F3000EDE72B000126B2331A780C2331005A4387
:109F40000C4BD0359B18DB790B4A9B00985C0522A3
:109F5000030900079940000F01F0B0F93200310009
:109F6000286801F05DFB2000FEBD0C00FBE71C0033
:109F7000F9E7C046C0EA000044EA0000F8B5030073
:109F80000024DC331B7805000F00A3422FD006000D
:109F90005C363000FFF7A0FFA0420ED1F9B23000CE
:109FA000FEF7DEFF3000FFF797FF0134002804D1F1
:109FB000390A3000FEF7D4FF01342B000126B233FA
:109FC0001A780C2331005A430A4BD0359B18DB79A1
:109FD000094A9B00985C0522030900079940000F7D
:109FE00001F06CF932003100286801F019FB200003
:109FF000F8BDC046C0EA000044EA0000F7B505001D
:10A00000D0352B6804005E690300DC331B78002B1D
:10A010007CD00300B2331A780C235A43534B9B185D
:10A02000DB790193730739D55C30FEF7A1FA00287C
:10A0300016D180212868890001F0FBFA00281ED083
:10A0400027002B6810371B6938000093FFF744FF87
:10A050000028EED16B4638001978FEF781FFE8E75B
:10A0600027002B6810371B6938000093FFF734FF77
:10A07000002804D16B4638001978FEF771FF2300E1
:10A08000AC331F68002F04D020001030FEF770FAA8
:10A09000B84701232A6891680B43936001231E424D
:10A0A00031D02A6892681A422DD02700A8373B6821
:10A0B000002B00D098475C342000FEF759FA021EAE
:10A0C00025D10121286801F0ABFAB3071BD5012780
:10A0D0003E00019B264A9B009B5C3A001C071B0923
:10A0E0009E40240F3100200001F0E8F8214B64036A
:10A0F000E418B6B23100200001F0D8F83A0031007F
:10A10000200001F08FF8FF222B685A61F7BD200074
:10A11000FEF72EFA2B680090DE690F231E40073BE6
:10A120009E1B3B68002B00D09847002E17DD009B3C
:10A13000B34209DB00272000FEF77AFA2B680137CB
:10A140001861BE42F7D1DEE70026009B9E42DADAB4
:10A150002000FEF76DFA2B6801361861F5E7002242
:10A160000121286801F05CFACDE7C046C0EA000092
:10A1700044EA000000000B4010B50248FFF73EFF24
:10A1800010BDC046444D002010B50248FFF736FF11
:10A1900010BDC046644C002010B50248FFF72EFFEA
:10A1A00010BDC046244E002010B500210548FFF721
:10A1B00089FC01210448FFF785FC02210348FFF7D1
:10A1C00081FC10BD644C0020444D0020244E002032
:10A1D000F0B500291BDB0C25445F8C4217DD002AFB
:10A1E00015DB0E25445F944211DD847E022C0FD0D6
:10A1F000032C16D0012C04D1D2430489A4180A00E0
:10A2000021B2012B13D0002B22D0022B32D0F0BD73
:10A210000489013C611AD443428909B2121912B26D
:10A22000EFE74489013C641A110022B2E9E70725EF
:10A23000D4172C40A4182A4093400827C65FE41086
:10A2400074436118C46A61180A7813430B70DEE71F
:10A250000724D31723409B180826855FDB106B4328
:10A260005918C36A22405918012393401A000B78E9
:10A270009343EBE70724D31723400826855F9B18F9
:10A28000DB106B435918C36A012022409040020042
:10A2900059180B785A400A70B9E7000070B50025CC
:10A2A00004001E0012B204AB09B25D57FFF7C6F8F6
:10A2B000104B08332360002363629E4200D10E4E90
:10A2C0002100FF223331A662E3620A704A708A706D
:10A2D000CA70220037321570059A0121A265069ACC
:10A2E0002000E265054AA2662200643211725372B0
:10A2F00070BDC04600E900009C47002000093D00F9
:10A30000054B10B5083304000360C06A002801D073
:10A3100002F09EFB200010BD00E90000F8B504002B
:10A32000806A0D00002812D030216156FEF798F89F
:10A33000A06A002103681B689847A06A2900036887
:10A340001B6898470121A06AFEF784F9F8BD226CCA
:10A35000216D1368606A8B431360002803D02900C5
:10A36000FFF71CFCF2E708218020E36BA26BA76CCF
:10A37000166828420ED03E4316601E68E76C01390D
:10A380003E431E601E68E76C4008BE431E60002905
:10A39000EDD1DBE7BE43EFE770B50400806A0D0046
:10A3A000002810D0A16DFDF70BFF29004D1EA9411B
:10A3B0002000A631FFF7B2FFA06A002811D0E16D9E
:10A3C000FDF7FEFE70BD606A002804D0616EA26ECB
:10A3D000E36EFFF737FD626C616D13688B431360AA
:10A3E000E3E7626C616D1368606A0B4313600028D9
:10A3F000E8D0FFF7ABFBE5E7F7B50400806A8B1800
:10A400000D00019300282CD0270000213037795609
:10A41000FEF726F8A06A0021036801261B6898470A
:10A42000019BA06A9D4218D01F2E0DD90121FEF775
:10A4300011F90021A06A7956FEF712F8A06A0021EE
:10A44000036801261B689847A06A297803680136CB
:10A450001B689847B6B20135E2E70121FEF7FAF82A
:10A46000F7BD226C216D13688B431360019BAB42D7
:10A47000F6D02B78606A0093002804D01900FFF70B
:10A480008DFB0135F2E708208026E36BA26BA76CF9
:10A490000099BC4617680E420FD061460F43176003
:10A4A0001F68E16C01380F431F601F68E16C76087C
:10A4B0008F431F600028EAD1E3E761468F43EEE750
:10A4C000072110B50A22835E0733DA170A40D21833
:10A4D0000821435ED2105A43C06A002102F0CBFA31
:10A4E00010BD0000F0B587B004930CAB1B780400DE
:10A4F0000593C36A0F001500002B1BD02000FFF747
:10A50000DFFF0A23E25E0823E15E202A25DC203AF1
:10A51000D30F9A180B00733BD90FC918012302936C
:10A520001F335210491001935333009312B209B2F2
:10A53000B64B24E00A22835E07220733D817104067
:10A54000C0180822A35EC010584302F077FAE062F8
:10A55000061ED3D1300007B0F0BD403AD30F9A1891
:10A560000B00523BD90FC918012302933F330193CB
:10A570001233521049100093A54B12B209B22000B9
:10A58000FEF776FF230031331F70A66A002E73D0CA
:10A59000002D6FD10A23E55E203D6B1E9D413C35A9
:10A5A000230030331D70059B002B00D129E13000C2
:10A5B000FDF738FF049B002B1DD025000020373508
:10A5C0002856002817DB0121F9F7EEFC00200121B5
:10A5D0002856F9F785FD0120F9F7B2F9002000218E
:10A5E0002856F9F77DFD0A20F9F7AAF90020012184
:10A5F0002856F9F775FDA66A002E00D1A5E0A16DD9
:10A600003000FDF7DDFD042282492000FFF7F4FE53
:10A61000618920000139C9B2FFF780FE25007E491B
:10A6200004222000FFF7E8FE00233135EB56142109
:10A63000012B00D104392000FFF770FE2600042210
:10A6400076492000FFF7D8FE8F2360363370A36869
:10A65000734A0227934200D190E0724A934200D09D
:10A6600081E00022AA56CF23012A00D1303B33706B
:10A67000122783E06DB293E7250000203535285678
:10A6800001212700F9F790FC0020363738560121C8
:10A69000F9F78AFC2B780125634A9B009A5C634892
:10A6A0001307DB0B1B1823642B001209934023654F
:10A6B0003B785D4A9B00995C5D4A0B07DB0B9A185F
:10A6C0001B1863642B0009098B406365116A606A7B
:10A6D0000B431362002807D0059B002B00D169E7CC
:10A6E0003100FFF739FB65E72700002033372900E9
:10A6F00038562600F9F758FC002034362900305629
:10A70000F9F752FC0023FF21FB56474A0B409B0000
:10A710009A5C46481307DB0B1B18A3632B00120936
:10A720009340A3640023F3563F4A0B409B009A5C7E
:10A730003F49130712099540DB0B5918E5641B18B4
:10A74000E3630B6AAB430B6234E7606A002804D012
:10A75000616EA26EE36EFFF775FB626C616D13684C
:10A760008B4313604FE7334A934231D10022AA56FC
:10A77000AF23012A00D19F3B02273370DA2120004A
:10A78000FFF7CCFD39002000FFF7C8FD8121200034
:10A79000FFF7C4FD31782000FFF7C0FDD92120006C
:10A7A000FFF7BCFD0023EB56F121012B00D1CF397F
:10A7B0002000FFF7B3FD200006221F49FFF71CFE13
:10A7C000A06A002810D0E16DFDF7FAFC0126C1E671
:10A7D0001A4A02279342D1D10022AA56CF23012A36
:10A7E00000D044E7BF3B42E7626C616D1368606A6A
:10A7F0000B4313600126002800D1ABE6FFF7A6F952
:10A80000A8E6049B002B00D0D7E6F8E620E700007E
:10A8100060E4000068E900006CE9000070E90000F5
:10A82000800020008000400044EA000020000B402F
:10A8300000000B406000100074E9000040002000A0
:10A84000F0B5140005AA1688002C41DB0A25425FEA
:10A85000A2423DDD002902DA5B1800211BB208226A
:10A86000855E5A18AA4201DD6B1A1BB2002B2FDD40
:10A870000727E2173A401219D2105543C26A012045
:10A880003C40A04069185218C0B2012E0CD0002ED6
:10A8900013D0022E1CD1013B1BB2591C18D01178C9
:10A8A000414011700132F6E7013B1BB2591C0FD039
:10A8B0001178014311700132F6E7C043C0B2013B89
:10A8C0001BB2591C04D01178014011700132F6E717
:10A8D000F0BD0000F0B505AC2588002976DB082422
:10A8E000065FB14272DA002A02DA9B1800221BB21C
:10A8F0000A27C45FD718A74201DDA31A1BB2002B99
:10A9000064DDD2B2DCB2D30873435918C36A591854
:10A9100007231A401FD001339A1A314BD2B29B5CE5
:10A92000944254D2FF26171B3E413340012D06D0DE
:10A93000002D08D0022D49D10E78734001E00E7829
:10A9400033430B7002E00E789E430E7094423DD369
:10A950000826835FC918A31ADBB2072B22D9022D60
:10A9600010D11A000C78083AE4430C700825445FB3
:10A97000D2B20919072AF5D80722134026D0194A5E
:10A98000D35C19E02C00621E94411A006442E4B2C8
:10A990000C700827C65F083AD2B28919072AF7D87F
:10A9A00007221340002B11D00E4AD35C012D06D094
:10A9B000002D08D0022D09D10A78534001E00A7811
:10A9C00013430B7002E00A789A430A70F0BD012D20
:10A9D000B5D0002DB7D0022DAED08919BBE7C04647
:10A9E00058E9000060E9000037B5140006AA158890
:10A9F000827E022A0DD0032A18D0012A11D1E24307
:10AA00000489A41824B20A0000952100FFF762FF10
:10AA10000BE0E2434489C918A418028924B2511AF0
:10AA200009B200952200FFF70BFF37BD4289C91814
:10AA3000511A09B2E7E737B5140006AA1588827ED5
:10AA4000022A0DD0032A18D0012A11D10289E41854
:10AA5000141B24B20A0000952100FFF7F1FE0BE061
:10AA6000CA430189E4188918428909B2141B24B227
:10AA700000952200FFF72EFF37BDCA434189891890
:10AA800009B2E7E7F7B50400806A002853D0A16D4A
:10AA9000FDF796FB042257492000FFF7ADFC082282
:10AAA000A35E402B55D120212000FFF737FC2189E0
:10AAB0001F31C9B22000FFF731FC07210A23E25EF3
:10AAC000A06A0732D3170B409B182289DB1053432F
:10AAD0009BB20193E56A00284CD027000021303753
:10AAE0007956FDF7BDFCA06A4021036801261B686A
:10AAF0009847019BA06A013B9BB201931A003E4B11
:10AB00009A422DD01F2E0DD90121FDF7A3FD002162
:10AB1000A06A7956FDF7A4FCA06A402103680126CB
:10AB20001B689847A06A2978036801361B68984714
:10AB3000B6B20135DDE7606A002804D0616EA26E0E
:10AB4000E36EFFF77FF9626C616D13688B431360EE
:10AB5000A0E700212000FFF7E1FB21890139A8E7E8
:10AB60000121FDF777FDA06A002837D0E16DFDF7E0
:10AB700027FBF7BD226C216D13680B431360019B0B
:10AB8000013B9BB201931A001B4B9A42EBD0606AC7
:10AB90002978002803D0FFF701F80135EFE7802678
:10ABA0000820B446E36BA26B6646A76C0E4211D038
:10ABB0001668374317601E68E76C01383E431E6015
:10ABC0001E68E76CBE431E6066467608B4460028E1
:10ABD000EAD1E2E71668BE431660ECE7626C616D8D
:10ABE0001368606A0B4313600028C2D0FEF7AEFF03
:10ABF000BFE7C0467AE90000FFFF0000024B01708A
:10AC000043600023836070479C4700201FB502AC5F
:10AC1000E3701B1223710023890062700631121247
:10AC20002170A270019300930522013321008068F6
:10AC3000FEF7A2FE030001205840C0B204B010BDD0
:10AC40001FB50122002303AC217001930092230061
:10AC500021008068FEF7F9FE207804B010BD1FB512
:10AC6000002303AC21706270019300930222013330
:10AC700021008068FEF780FE1FBD10B580220021F4
:10AC8000FFF7EDFF0A20F8F75BFE10BDF8B50E00E8
:10AC9000002105006F27FFF7D3FF1024074027434B
:10ACA00030343A0028003C430021FFF7D8FF280049
:10ACB00022000021FFF7D3FF32002800FE21FFF71A
:10ACC000CEFF0520F8F73CFE4F22144051322800F9
:10ACD00022430021FFF7C3FFF8BD0000F8B50D1CAB
:10ACE000FE2104008905281CF5F7F6FB002855D144
:10ACF0002D49281CF5F704FC002800D02A4DE068F7
:10AD0000F8F768F90600281C0F00F8F795F90022FB
:10AD1000264BF7F719FB02000B0030003900F6F75D
:10AD200009FF0022224BF6F7E9FB0022214BF7F73F
:10AD30007DFDF8F7D3F92049051CF5F7CDFB002878
:10AD40002FD11E49281CF5F7DBFB002800D01B4D36
:10AD500000212000FFF774FF6F23102203401A43E5
:10AD6000060000212000FFF77AFF281CF5F7FCFB06
:10AD7000FE21C2B22000FFF772FF32000021200046
:10AD8000FFF76DFF0520F8F7DBFD602252423243EA
:10AD9000D2B200212000FFF762FFF8BDFE25AD050D
:10ADA000ADE7054DD4E7C04600C05A450000B040AD
:10ADB0000000E03F0000F03F0000404000007F4303
:10ADC00070B5040080680E00002801D001F060FA20
:10ADD000102001F059FA050021786268FEF7A0FD05
:10ADE000A56028000121FEF7B9FD051E0AD020004C
:10ADF000FFF743FF074BE360002E05D03100200032
:10AE0000FFF744FF280070BD03492000FFF766FFED
:10AE1000F8E7C04640787D0100007A44294885461D
:10AE20002948804729488047002103E0284B5B5888
:10AE3000435004312748284B42189A42F6D3274AF8
:10AE400002E0002313600432254B9A42F9D301F04B
:10AE5000D1FDF8F7FFF9FEE722480169002908D182
:10AE60004169002905D18169002902D1C169002900
:10AE700009D01D48C1680901090D00290ED0052916
:10AE80000CD006290AD0BFF34F8F1848184901602B
:10AE900018491748C860BFF34F8FFEE71348016891
:10AEA0001348884200D070471348144901600F4886
:10AEB000134901607047FEE7FEE7FEE7FEE7FEE7A5
:10AEC000FEE700000080002059AE0000A9BF00008E
:10AED000C4EB000000000020640100206401002099
:10AEE000205000200003084080010840000000209E
:10AEF0000400FA0500ED00E00081084001000000B8
:10AF00000000000070B503250E0004002E400B0069
:10AF1000054024D0002E20D0013A511C00D170BD34
:10AF20002178013A197061785970A1789970E178A7
:10AF30000434D9700433F0E76078A57800022D045A
:10AF400026784019E57880192D069E00281888512A
:10AF5000013304349A42EFDCE1E73300FAE7002ED4
:10AF600014D19200043A131DD9D083588B50F9E7BD
:10AF70008C0004590131250A1C705D70250C240ECB
:10AF80009D70DC7004338A42F2DCC8E72900FAE7DE
:10AF9000024B1940024B08439860704780FFFF1F27
:10AFA00000ED00E080230268002902D01343036013
:10AFB00070479A430260FBE730B580250468013A88
:10AFC0002C4021431202013B0A431B041A43026036
:10AFD00030BD0CB410B5032402AB1B789A08234093
:10AFE000A3401C349C409940920080184268A243C0
:10AFF0001143416010BC08BC02B018471F230A006F
:10B0000099431A4002674167704701627047012304
:10B01000426F002902D01343436770479A43426747
:10B02000FBE70C318900085880B270470430C36FC9
:10B03000002A02D01943C16770478B43C367FBE7FF
:10B04000883000680840411E8841C0B270478C308B
:10B0500001607047A03001230268002902D0134329
:10B06000036070479A430260FBE73022A030036818
:10B0700093431943016070470821034AC000536895
:10B080008B4318435060704700800840034B9B6817
:10B090001840431E9841C0B27047C0460080084027
:10B0A00010B5074A03791168064C5B0221400B4337
:10B0B0001360936901681B0C1B040B43936110BD63
:10B0C00000800840FFFDFFFF034A04491368800227
:10B0D0000B4018431060704700800840FFFBFFFFE3
:10B0E00007228240814010B5024CA36A9343194362
:10B0F000A16210BD0080084010B501240C4B1A68F5
:10B10000D9695868400A204010D09A690948120F3E
:10B110002240D040002909DB9A695201120F00D168
:10B1200010329B6950435B029B0FD84010BDC04654
:10B130000080084000127A0070B5124E0400756B52
:10B14000FFF7DAFF030020600720284001380628B7
:10B1500016D8F4F7D9FF05040415150F12000A4B91
:10B1600063606268316A1300CB40042900D9530937
:10B17000A36070BD80231B02F2E7FA23DB01EFE737
:10B180000023EDE70080084000127A004309084AD6
:10B190009B0010B59B182E2800D102391F221040A9
:10B1A0001C3A824081401C6894432143196010BDC1
:10B1B000388008401FB504001F210B4B4209920044
:10B1C0002E3CD21863425C4108401C398140630028
:10B1D00014680C40C44001A8E418FFF7ADFF0398C1
:10B1E000E04004B010BDC04638800840F0B50C4CBB
:10B1F00085B001900291039207000E00606A15006D
:10B20000E16A226B002B07D1B843B143AA436062C5
:10B21000E162226305B0F0BD384331432A43F6E7CB
:10B22000008008400368002A02D01943016070477B
:10B230008B430360FBE730B5CD438468C3682C4083
:10B240002B40002A04D0012A04D08460C36030BDA2
:10B250000C43FAE70B43F8E74368002A02D019438E
:10B26000416070478B434360FBE70023F0B51D004E
:10B270001C0003270126314205D016009E403443AE
:10B280003E009E40354302334908202BF2D14369EA
:10B29000AB434361436923434361F0BDC069084048
:10B2A000411E8841C0B27047416270478162704759
:10B2B000002A01D0416270478162FCE7F7B51E4B5E
:10B2C000C000C018CBB20192002B10D00023012285
:10B2D0001D001C0094460E006246E640164223D133
:10B2E0000134082CF7D10468AC4323430360FF23E7
:10B2F0001B02194217D000230F271D001C000E004F
:10B300008022E6405200164206D03A00A600B24023
:10B310001543019AB24013430134082CEFD142681F
:10B32000AA4313434360F7BD0F27A600B7403D4330
:10B33000019FB7403B43D3E720200240F7B50E0002
:10B340000B78497802680B43B17804000B438521E0
:10B350008A4313430360338983601E4B00209C4261
:10B3600004D01D4B00279C4203D10220FFF722FF8F
:10B370000700C02223681202134080220825D20150
:10B38000934209D0802201351202934204D05A42DE
:10B390005341033D5B421D401423092072687843EA
:10B3A0005A4311000092F4F7B9FEF678401B831B54
:10B3B0000B20009978430193F4F7B0FE019B451BE5
:10B3C000AE1BD843F543C017ED172E40184020613F
:10B3D0006661F7BD008004400090044008230268C5
:10B3E000002902D01343036070479A430260FBE7D1
:10B3F000022302681343036070474368002A02D0A7
:10B400001943416070478B434360FBE701230268A7
:10B41000002902D01343036070479A430260FBE7A0
:10B42000022310B504681C42FCD1002A02D08023FC
:10B43000DB001943C16110BD816170478069C0B2F2
:10B440007047002382B001930190019BC9180191BC
:10B45000019B186802B07047C0680840411E8841CF
:10B46000C0B27047C1607047002905D080230268D0
:10B470005B011343036070470368014A1340F9E717
:10B48000FFEFFFFF836A1B0C1B04194381627047A7
:10B49000836A9BB21943816270470000002905D07E
:10B4A000802302689B011343036070470368014ACD
:10B4B0001340F9E7FFDFFFFF70B5C025036942695C
:10B4C00004682D022C408025ED01AC421AD0802664
:10B4D0003602B44224D0002C05D1A9420BD1012B55
:10B4E00001D9023B023A0361426103689B049B0C51
:10B4F0001943016070BDB142F5D1012BF3D9033B73
:10B50000033AF0E7002902D102330232EBE780244C
:10B510002402A142E7D1002BE5D0013B013AE2E74A
:10B52000002902D103330332DDE7A942DBD1013325
:10B530000132D8E7F0B50C4C85B00190029103922E
:10B5400007000E0060681500A168E268002B07D1B3
:10B55000B843B143AA436060A160E26005B0F0BDAA
:10B56000384331432A43F6E70081084030B585B0BF
:10B5700001AC05000C220021200001F07CFA0A4BEE
:10B580009D420BD10123227913432371012301989A
:10B590006168A268FFF7CEFF05B030BD034B9D4246
:10B5A000F4D122790223EFE70080044000900440A8
:10B5B0004A6910B58C69002A19D10132FF32A240C4
:10B5C0008C680B682343CC6823430C692343CC6904
:10B5D0002343134343604A6A4B6813430A6A1201C8
:10B5E000134383618B6A5B08013BC36010BD8023FA
:10B5F0009B0023411A43E3E701230268002902D09C
:10B600001343036070479A430260FBE70823026814
:10B61000002902D01343036070479A430260FBE79E
:10B620008368002A02D01943816070478B4383608E
:10B63000FBE780220F235200C069914202D11840DB
:10B64000C0B270470009FAE770B50D0004000B891D
:10B65000C96842680B43A888E98801430B43154930
:10B660000A4013436360144B9C421FD009D88023C7
:10B67000DB059C4210D0114B1C209C420DD00020B9
:10B680000DE00F4B9C420FD00E4B9C4210D00E4B46
:10B690009C42F4D11A2000E01820FFF78BFD2968A6
:10B6A000F4F73CFD606270BD1E20F6E70820F4E769
:10B6B0000A20F2E7FCE0FFFF0020004000100040FD
:10B6C0000010044000200440000004400160704766
:10B6D000006880B2704700690840411E8841C0B2CE
:10B6E0007047C0680840411E8841C0B27047036976
:10B6F000194001617047C368002A02D01943C16034
:10B7000070478B43C360FBE710238B40002A03D0B4
:10B71000426813434360704742689A434260FAE7C5
:10B720000B4B0C4A03600C4B426143600B4B0C4AC1
:10B7300083600C4BC261C3601223036183610362A7
:10B74000094B0A4A43621023C26283620363704753
:10B750001D3F0000C8200092080001801202000076
:10B76000D0000183880001911001019450210095BF
:10B77000064B012805D180221968D2000A431A60BD
:10B7800070471A6802490A40F9E7C04600800A403B
:10B79000FFFBFFFF064B012805D18022196812012B
:10B7A0000A431A6070471A6802490A40F9E7C0461E
:10B7B00000800A40FFF7FFFF1FB501AC0C220021FB
:10B7C000200001F058F92023237001981F3B616885
:10B7D000A268FFF7AFFE1FBD0C23024A11680B439E
:10B7E0001360704700800A408022054B520119689F
:10B7F0000A43A0211A601A6849010A401A6070477A
:10B8000000800A40024B1A6802605B684360704720
:10B8100000A00A408022034B520019680A431A60B4
:10B820001861704700800A40024A5368184350600C
:10B830007047C04600800A4070B5184B05001A6872
:10B84000012A11D10022164C1A6023685B060CD520
:10B85000144B23600423A2681A42FCD001235B42EC
:10B86000A3602868FFF7E0FF70BD0F4B236004233F
:10B87000A2681A42FCD001235B42A3600020FFF7BC
:10B8800089FF2868FFF7D0FF0020FFF771FF8023B2
:10B890002268DB0013432360E6E7C046F400002083
:10B8A00000800A400C0400000C0C0000024A53689F
:10B8B000834353607047C04600800A404023034AD8
:10B8C000516890680B4318407047C04600800A409A
:10B8D0000723012210B5190004000831CC4014429E
:10B8E00001D058B210BD013B002BF4D101204042E1
:10B8F000F8E70000142319225843034BC0180368CB
:10B90000134003607047C04614800A401423434329
:10B9100010B5074A9B18C20089184A681A618A68DC
:10B920005A60012252429A60FFF7E4FF10BDC04600
:10B9300014800A4014234343024A9B1858689B68AA
:10B940001840704714800A4014234343064A9B184A
:10B950001869C000C20F1868012A02D1800810407F
:10B9600070478006C00FFBE714800A401423584339
:10B97000044BC0184023836002681C3B9343036060
:10B980007047C04614800A40142324225843034BB6
:10B99000C0180368134003607047C04614800A4013
:10B9A000142309225843034BC01803681340036053
:10B9B0007047C04614800A4014235843034BC018F4
:10B9C0000069034B8005800DC018704714800A4041
:10B9D00000A00A4014235843024BC018006900031A
:10B9E000800D704714800A40142310B54343054A64
:10B9F0009B181C69FFF7EEFFA405034BA40DE41888
:10BA0000201810BD14800A4000A00A401423584397
:10BA1000034BC018C068C840C005C00D7047C04681
:10BA200014800A40F8B506000F001400FFF7D2FF9B
:10BA30000500002E19D1104BD868C005C00DA542D5
:10BA400018D3002816D1142575430B4B3000ED1880
:10BA5000FFF7B2FFE21C010092083800FFF752FA2C
:10BA60000223EC602B602000F8BD00213000FFF7BE
:10BA7000CDFFE4E70024F6E714800A4070B5104BD0
:10BA800005001C69036A5A1C11D0421DD17F01298F
:10BA90000DD12403A40DA3420ADB1B1B0362220069
:10BAA000E9690020FFF7BEFFEB691C19EC6170BD6E
:10BAB0000121494201620331D1771C00EFE7C04602
:10BAC00014800A40F8B505000E001700002807D1C1
:10BAD0000C4BDC68E401E40DA2420BD22000F8BD5F
:10BAE0000021FFF793FF0400B842F7D82800FFF7C2
:10BAF00063FF01E0FFF778FFE21C92083100FFF7D7
:10BB000001FAEBE714800A4010B50400002A03D0C4
:10BB1000FFF7D8FF021E07D0142310206343034908
:10BB20005B18196801401960100010BD14800A40AC
:10BB3000016070471030490109180B680248034042
:10BB40001A430A607047C046FF3FFFFF10304901AB
:10BB5000091804200B6883431A430A6070471030A9
:10BB600049010918C020002A05D080230A688243B1
:10BB700013430B6070470A6840238243F8E749018A
:10BB8000103009180123002A03D00A6813430B6000
:10BB900070470A689A430A60FAE70000054B10B53F
:10BBA00018600300022232331A7088300068FFF7F1
:10BBB000B7FD10BD14500020F7B504000226FFF7B2
:10BBC0007DFE0500304206D0E36C002B01D0206DD5
:10BBD0009847A34B9E6010231D420ED02600A04A1A
:10BBE000323693603378012B07D9FFF7F5FD230038
:10BBF000327833331A70032333700422154208D08D
:10BC000040232E001E4048D0954A93600423944A56
:10BC100093600826354208D0FFF7E6FD2300333352
:10BC20001A78013B1A708E4B9E60EB0500D462E1DE
:10BC30008C4E7368B2681A40130001929B0500D4C1
:10BC400025E12000FFF7DEFD0023651DEB7722785C
:10BC5000236260331A40202A00D1FCE0402A00D140
:10BC6000FBE0002A0FD123887F498B4200D1B9E045
:10BC70004ED8822B00D193E033D8802B00D180E0C6
:10BC8000812B00D189E0EB7F012B00D1F4E0022B66
:10BC900000D13AE104233360F6E0270088373B689F
:10BCA00021000193012302205B4234312362268666
:10BCB0000B7883430B70230032331A70A663FFF7AF
:10BCC0007BFDFFF791FD39683000FFF71FFE019BF8
:10BCD0001868FFF7A9FD636C002B97D0A06C9847FC
:10BCE00094E781225200934262D0FF32FF329342A6
:10BCF0006ED0802252009342C5D1A278012AC2D1CF
:10BD00002100022034310B7883430B70EA77BAE7C5
:10BD100088221201934200D193E015D8D022D2009C
:10BD2000934267D0514A934200D183E0823AFF3A6E
:10BD30009342A8D1A078FFF76DFD01230522EB7790
:10BD4000230032331A709EE7494A934200D180E0C3
:10BD5000484A934200D17AE090221201934292D154
:10BD600023000127A27830331A70EF77230088333D
:10BD700078B219680137FFF7C9FD082FF6D10622FE
:10BD8000DEE700236376230034331B782376230019
:10BD90001833E3610223236218E000232383F6E7CC
:10BDA0000F23A08862761840FFF7CEFD2076EEE7DD
:10BDB0000F23A7881F4009D0A36B002B06D17FB2A9
:10BDC0003800FFF7E1FD3800FFF7EAFD01231DE031
:10BDD000A278012A00D056E72100022334310878E6
:10BDE000034392E70F23A0881840EFD040B2FFF73B
:10BDF000BDFDEBE7E378022B0AD0032B0CD0012B1F
:10BE000000D040E7A268E26112782262EB773AE75D
:10BE1000E368E3615B88BEE7A3786269934200D37D
:10BE200031E722699B009B58002B00D12BE7E3618F
:10BE30001B78B0E7636D002B00D124E72000984702
:10BE400021E723003033E36101232362DEE7A36DA2
:10BE5000F1E7E36DEFE7236EEDE7636EEBE7C046D6
:10BE600000800A4014800A4002030000810600009E
:10BE7000810A0000010B0000E388226A9A4200DD7B
:10BE800023622000FFF7FAFD80239B00B36010259A
:10BE9000019B2B4203D02000FFF7F0FDB560022389
:10BEA000019A1A4223D0B360236A01331FD0661D62
:10BEB000F37F022B1BD14022E1690020FFF724FE13
:10BEC000E3691B18E361236A1D1A25620FD1012360
:10BED000F377A36A002B02D0E06A9847A56201239A
:10BEE00000225B42236211001000FFF79BFD8022BD
:10BEF000164B52009A6012261427FFF7DFFCFFF75B
:10BF0000E7FC0500431C08D1F7BD206A0028BBD11F
:10BF100002000100FFF786FDB6E72800FFF70AFDE3
:10BF20003042EAD03B006B43094A9B189E60802355
:10BF30005B00AB40054A93602B0018339B00E3186D
:10BF40009B68002BD9D028009847D6E700800A408C
:10BF500014800A4070B504000300250034331978BA
:10BF6000586DC907C90F3235FFF766FC2B78032BD4
:10BF700008D123008C331B68002B03D022009032A1
:10BF800010689847E36B002B04D02A78062A01D169
:10BF9000206C984770BD0000024B1B683233187844
:10BFA000C0B27047145000201022404BF0B5DA6048
:10BFB00040233F48026813433E4A03609368272B9F
:10BFC000FCD13D4B3D495A6A0A4080215A623C4AA5
:10BFD00009011468214311603A4908240E000D68D4
:10BFE0002542FCD0072503215C68AC4321435960FE
:10BFF000596B29400329FBD180243349A4000F59F0
:10C00000AF4301253D430D5100251D6215682F4F9B
:10C010003D40156080251F686D003D4308271D6069
:10C020001568BD4315601D682C431C60802415688D
:10C03000E4002C431460042435682542FCD04025DC
:10C040000468AC430460F020C00498618020204C58
:10C05000400525682843206018681E4C2040186061
:10C060008020146880000443146002223468144263
:10C07000FCD0072203240D5895432C430C5000217B
:10C08000196258680131904301435960596B11405E
:10C090000129FBD11022104B19680A431A60802233
:10C0A000196852010A431A60F0BDC0460081084079
:10C0B0003080084000A1064000800840FFF3FFFFE9
:10C0C000048008400880084000000840FFFDFFFF92
:10C0D00018800840FFFEFFFF00020840F0B585B061
:10C0E00001AD02270C220021280000F0C4FC20230F
:10C0F00001243A0010261900224332431A433143E7
:10C100002A71E972042231006A702143FB326A719C
:10C110000A00390021431A430B43AB7240232343E7
:10C120006A721A0080235B4213432E70EF702B72E9
:10C13000019823006968AA68FFF758F80C220021CB
:10C14000280000F098FC3B0004222343134392187C
:10C150001343AB70019823006968AA68FFF746F89B
:10C160000C220021280000F086FC0020EC72230045
:10C17000AA6801003D4DFFF739F830000421FEF7B1
:10C18000AFFF28002421FEF740FF21002800FEF722
:10C1900035FF220028000421FEF748FF2100280077
:10C1A000FEF700FF0022324D11002800FFF7C2FC0D
:10C1B000002221002800FFF7BDFC28000021FFF726
:10C1C000B7FC002228001100FFF7C0FC2100280066
:10C1D0000022FFF7BBFC220028000021FFF7CFFC64
:10C1E000220021002800FFF7CAFC220028000021BD
:10C1F000FFF7B5FC28001F4D22002100FFF7AFFC20
:10C20000290003221C48FFF730F81C4E29000322A6
:10C210001B48FFF72AF8290003221A48FFF725F8E0
:10C22000290030000322FFF720F822003900032004
:10C23000FFF744F8390030000022FEF7F3FF220038
:10C2400008210320FFF73AF8220040210020FFF7E1
:10C2500035F8220004210320FFF730F822003900CE
:10C260003000FEF7F9FF05B0F0BDC0460000014008
:10C2700000400540FFFF000000000B4000600B4045
:10C2800000200B4000400B4010B500F0D7FB10BD64
:10C2900010B500F0DDFB10BD0B0010B5010018005B
:10C2A00000F094FB10BD000010B500F061F810BD67
:10C2B000F0B54746CE4680B58DB004000D0000F0C5
:10C2C00013F9294B06001B780F005BB29846013327
:10C2D00010D022002B0020002900F6F7EFFD814648
:10C2E000002807D10022002320002900F4F7BAF823
:10C2F000002806D1300039000DB00CBC904699469C
:10C30000F0BD01230293194B0694079503934B4606
:10C310000A93434604940595002B15D00023002270
:10C3200019001000F5F706FC434608900991022B0E
:10C330000ED100F059FB212303600A9B0193002BCF
:10C340000CD1089E099FD5E7002300240893099487
:10C3500002A800F039FB0028EFD1EAE700F044FB27
:10C360000A9B01930360ECE7FC00002050EB000007
:10C37000F8B515004746CE465A001C006B4280B502
:10C380002B434B4F5208DB0F1343BB421DD84B00CE
:10C390005B089846464643420343DB0F89463343D6
:10C3A000BB4212D8434BE3182B4339D00226A317C4
:10C3B0001E40CB0F1E434346034310D1022E47D0ED
:10C3C000032E08D13C483D4905E002000B0028003F
:10C3D0002100F5F793F80CBC90469946F8BD130080
:10C3E0002B4320D0BA4224D0B8451CD043469A1AD9
:10C3F00012153C2A2FDC002C30DA3C322EDA0020D9
:10C400000021012E3ED0022E31D0002EE3D02C4A46
:10C410002C4BF6F70BFA284A2B4BF6F707FADAE71C
:10C4200000F03AF9D7E74B462348002B0EDB2749AB
:10C43000D1E790452BD0022E0AD0032EC2D0002087
:10C440000021012EC7D180210906C4E72049C2E797
:10C4500019481D49BFE718481C49D2E72A002300A4
:10C46000F5F768FB00F0ACFA00F016F9C9E7144ADA
:10C47000144BF6F7DBF902000B000F481249F6F7F0
:10C48000D5F9A8E7802424060B191900A3E7022E8A
:10C4900006D0032E09D00848012E04D00D499AE792
:10C4A0000D480E4997E70E4995E70B480D4992E76D
:10C4B0000000F07F000010C0182D4454FB2109C07B
:10C4C000075C143326A6A13CFB210940FB21F93F60
:10C4D000FB21F9BFFB21E93FD221337F7CD9024008
:10C4E000FB21E9BF7CD902C0F8B54746CE46674B71
:10C4F00080B50A000F00190005003940994200D1AB
:10C500009BE004000100002F69DD3F1500D1B4E07D
:10C510005F4B12039C468023120B5B0313435B00AB
:10C52000CA0F67449B184A00F80703D5D20F5B0077
:10C530009B188A0079108C46002180201624894699
:10C5400080030D189D4202DC29185B1B8144D50F26
:10C550005B00013C5B1952004008002CF1D1002027
:10C560008046802020250027000609E08B425CD011
:10C57000D40F5B00013DE31852004008002D16D097
:10C58000C4198B42F2DD27180E00002C49DB5B1A20
:10C59000A242894149425B1A121BD40F5B00013D44
:10C5A00080443100E31852004008002DE8D11343C5
:10C5B0004ED143465B0837494A46884649465210A1
:10C5C0004244C90702D5802109060B4361460F0585
:10C5D000BD18180029000CBC90469946F8BD7B0098
:10C5E0005B0803433900002BF5D0002F3CD1E30A50
:10C5F000153A6405002BFAD08020400303423FD156
:10C60000002700E00F005B00791C0342FAD02500F0
:10C6100020208D40401A2900D71B2200C2401A4317
:10C6200076E7FE43F60F8E19B1E79442A0D827189B
:10C63000002CF6DB1E000023AEE702003B002800C2
:10C640003900F5F781FE2A003B00F4F757FFC2E7F7
:10C650004346013303D0434601335B08ABE7012374
:10C6600098460023C144A6E73B000200F6F7DEF837
:10C6700002000B00F5F75EFAADE713000022BBE7FE
:10C680000127210020207F42C6E7C0460000F07F3E
:10C6900001FCFFFF0000E03FF8B54E465746454617
:10C6A000DE46A04BE0B54E0080468A4689467608B5
:10C6B0009E420CDD9C4B9E4200DDA2E000D19DE03D
:10C6C0004B46002B00DCE0E0984B994AA1E0994BE7
:10C6D0009E4200DDB3E0984B9E4200DCA1E00123C6
:10C6E0005B429B464246534640465146F5F72CFE78
:10C6F00002000B0006000F00F5F726FE04000D00F7
:10C700008E4A8F4BF5F720FE8E4A8F4BF4F7F6FEDC
:10C7100022002B00F5F718FE8C4A8D4BF4F7EEFE45
:10C7200022002B00F5F710FE8A4A8B4BF4F7E6FE49
:10C7300022002B00F5F708FE884A894BF4F7DEFE4D
:10C7400022002B00F5F700FE864A874BF4F7D6FE51
:10C7500032003B00F5F7F8FD844A06000F00844BD9
:10C7600020002900F5F7F0FD824A834BF6F75EF8CA
:10C7700022002B00F5F7E8FD804A814BF6F756F8CA
:10C7800022002B00F5F7E0FD7E4A7F4BF6F74EF8CE
:10C7900022002B00F5F7D8FD7C4A7D4BF6F746F8D2
:10C7A00022002B00F5F7D0FD02000B00300039000D
:10C7B000F4F7A4FE53464246F5F7C6FD5B46013347
:10C7C00066D05B46734A744CDB00E418D3181A68D1
:10C7D0005B68F6F72BF842465346F6F727F8020057
:10C7E0000B0020686168F6F721F8030048460A004C
:10C7F00000280EDA802212068A180AE0002800D1EA
:10C800005EE74246534640465146F4F777FE030042
:10C810000A00180011003CBC90469946A246AB465F
:10C82000F8BD5E4A5E4BF4F769FE00225D4BF3F7FC
:10C830002DFE002800D152E743465246E9E700F0BA
:10C84000BFF8594B04000D009E422ADC574B9E4214
:10C8500050DC02000B00F4F751FE0022514BF5F7BB
:10C86000E5FF802306000F000022DB0520002900E1
:10C87000F4F744FE0B00020039003000F5F75AF9D6
:10C88000002380468A469B462CE7284B484AC0E74F
:10C8900002000B0040465146F5F7C8FF03000A00AE
:10C8A000B7E7444B9E421ADC0022434BF5F7BEFF2C
:10C8B000002206000F00404B20002900F5F744FD40
:10C8C0000022384BF4F71AFE0B000200390030004A
:10C8D000F5F730F9022380468A469B4602E70B00B3
:10C8E000020036490020F5F725F9032380468A46E1
:10C8F0009B46F7E600222B4BF5F798FF0022060037
:10C900000F00284B20002900F4F7F8FD0B0002006F
:10C9100039003000F5F70EF9012380468A469B4620
:10C92000E0E6C046FFFF0F440000F07F182D44549E
:10C93000FB21F93FFFFFDB3FFFFF1F3E11DA22E340
:10C940003AAD903FEB0D76244B7BA93F513DD0A0F3
:10C95000660DB13F6E204CC5CD45B73FFF830092B9
:10C960002449C23F0D5555555555D53F2F6C6A2C5E
:10C9700044B4A2BF9AFDDE522DDEAD3F6D9A74AF76
:10C98000F2B0B33F711623FEC671BC3FC4EB989959
:10C990009999C93F78EB000058EB00009C7500881E
:10C9A0003CE4377E0000F03FFFFFF23FFFFFE53F32
:10C9B000FB21F9BFFF7F03400000F83F0000F0BFFC
:10C9C00049004B08190070470020704710B504005B
:10C9D00004481300002804D00A000220210000E0CF
:10C9E00000BF10BD00000000014B18687047C04632
:10C9F0000001002070B500260C4D0D4C641BA410E6
:10CA0000A64209D1002600F01DF90A4D0A4C641B0C
:10CA1000A410A64205D170BDB300EB58984701366B
:10CA2000EEE7B300EB5898470136F2E7A0EB0000C1
:10CA3000A0EB0000A0EB0000C0EB000010B5034B22
:10CA40000100186800F06AF810BDC046000100201F
:10CA500010B5034B0100186800F016F810BDC04671
:10CA600000010020002310B59A4200D110BDCC5C1B
:10CA7000C4540133F8E703001218934200D1704701
:10CA800019700133F9E7000070B50500002910D0D6
:10CA90000C1F2368002B00DAE418280000F0C2F80D
:10CAA0001D4A1368002B05D163601460280000F054
:10CAB000BAF870BDA34209D9216860188342F3D146
:10CAC00018685B6841182160EEE713005A68002A75
:10CAD00001D0A242F9D919685818A0420BD1206898
:10CAE0000918581819608242E0D11068526841183C
:10CAF00019605A60DAE7A04202D90C232B60D5E70F
:10CB000021686018824203D1106852684118216080
:10CB100062605C60CAE7C046084F0020032370B51E
:10CB2000CD1C9D43083506000C2D1ED20C25A942B4
:10CB30001DD8300000F076F8254A1468210000293D
:10CB400019D1244C2368002B03D1300000F044F8A5
:10CB500020602900300000F03FF8431C2BD10C234B
:10CB60003000336000F05FF803E0002DDFDA0C23C3
:10CB70003360002070BD0B685B1B19D40B2B03D9ED
:10CB80000B60CC18256003E04B688C420DD113601C
:10CB9000300000F048F8200007220B30231D90439E
:10CBA000C31AE7D05A42E250E4E763600C00EFE7B3
:10CBB0000C004968C3E70323C41C9C43A042E1D096
:10CBC000211A300000F008F8431CDBD1C7E7C0464B
:10CBD000084F00200C4F0020002370B5064C0500C4
:10CBE0000800236000F020F8431C03D12368002BC9
:10CBF00000D02B6070BDC0461C50002030B5050031
:10CC0000002A00D130BD0C78013A6B1C2C70013128
:10CC1000002C05D19A189A42F4D01C700133FAE71F
:10CC20001D00EDE770477047044A1368002B00D1E0
:10CC3000034B1818106018007047C046104F0020B2
:10CC400020500020F8B5C046F8BC08BC9E4670478E
:0CCC5000F8B5C046F8BC08BC9E46704712
:10CC5C0000FE98006B020A6D6B02FE98006B04FEDE
:10CC6C0098006B040A6D6B000A0C0000460B000068
:10CC7C006A0B0000080B00006A0B0000E60B0000BA
:10CC8C006A0B0000080B0000460B0000460B00006E
:10CC9C00E60B0000080B00003C0C00003C0C0000F4
:10CCAC003C0C0000F20B0000460B0000460B000091
:10CCBC006A0B0000060B00006A0B0000E60B00007C
:10CCCC006A0B0000060B0000460B0000460B000030
:10CCDC00E60B0000060B00003C0C00003C0C0000B6
:10CCEC003C0C0000F00B0000340F0000DE0E0000C6
:10CCFC00DE0E00000C100000DA0E0000DA0E000050
:10CD0C00021000000C100000DA0E000002100000EF
:10CD1C00DA0E00000C1000001010000010100000C3
:10CD2C001010000018100000D81D00004A1C000054
:10CD3C008E1C0000F21B00008E1C00007E1D0000EB
:10CD4C008E1C0000F21B00004A1C00004A1C000054
:10CD5C007E1D0000F21B0000EA1B0000EA1B000015
:10CD6C00EA1B00008C1D00000025000002240000BE
:10CD7C000224000020270000FC230000FC230000FC
:10CD8C000827000020270000FC23000008270000D3
:10CD9C00FC230000202700001627000016270000A7
:10CDAC0016270000242700000000000000000000EF
:10CDBC00A537000007380000B9370000F337000032
:10CDCC00FF370000D7370000BD370000000000001F
:10CDDC0000000000A1410000D3480000D541000034
:10CDEC000145000065440000DD44000019420000CC
:10CDFC0089440000AD410000E54600009D41000063
:10CE0C006E616E00696E66006F7666000D0A00003A
:10CE1C00040309040E0348004F004C005400450065
:10CE2C004B0000001C03480054003300320020006B
:10CE3C005500530042002D00440045004D004F00AA
:10CE4C00EFD00000F6D00000FDD0000050D0000064
:10CE5C0050D0000050D0000050D0000050D0000046
:10CE6C0050D0000050D0000050D0000050D0000036
:10CE7C0050D0000050D0000050D000000AD100006B
:10CE8C0017D1000024D1000031D100003ED10000A8
:10CE9C004BD1000058D1000065D1000072D10000C8
:10CEAC0050D0000050D0000050D0000050D00000F6
:10CEBC0050D0000050D0000050D0000050D00000E6
:10CECC0050D0000050D0000050D0000050D00000D6
:10CEDC0050D0000050D0000050D0000050D00000C6
:10CEEC0050D0000050D0000050D0000050D00000B6
:10CEFC0050D0000050D0000050D0000065D9000088
:10CF0C007FD100008CD1000099D10000A6D1000087
:10CF1C00B3D10000C0D1000050D0000050D00000B0
:10CF2C0050D0000050D0000050D0000050D0000075
:10CF3C0050D0000050D0000050D0000050D0000065
:10CF4C0050D0000050D0000050D0000050D0000055
:10CF5C0050D0000050D0000050D0000050D0000045
:10CF6C0050D0000050D0000050D0000050D0000035
:10CF7C0050D0000050D0000050D00000CDD10000A7
:10CF8C00DAD10000E7D10000F4D1000050D000004D
:10CF9C0050D0000050D0000050D0000050D0000005
:10CFAC0050D0000050D0000050D0000050D00000F5
:10CFBC0050D0000050D0000050D0000050D00000E5
:10CFCC0050D0000050D0000050D0000050D00000D5
:10CFDC0050D0000050D0000050D0000050D00000C5
:10CFEC0050D0000050D0000050D0000050D00000B5
:10CFFC0050D0000050D0000050D0000050D00000A5
:10D00C0050D0000050D0000050D0000050D0000094
:10D01C0050D0000050D0000050D0000050D0000084
:10D02C0050D0000050D0000050D0000050D0000074
:10D03C0050D0000050D0000050D00000EFD50000C0
:10D04C0001D20000E69CAAE79FA500E6ADA3E7A1EC
:10D05C00AE00E99499E8AFAF003C3C205BE8A7A395
:10D06C00E69E905D2000204352433A005B424D35D2
:10D07C00335D20E8ADA6E5918A3A20E58F91E980F1
:10D08C0081E9989FE58897E6BBA1EFBC8CE4B8A238
:10D09C00E5BC83E695B0E68DAE005B424D35335D65
:10D0AC0020E58D8FE8AEAEE5BA93E5889DE5A78BBC
:10D0BC00E58C96E5AE8CE68890005B424D35335D91
:10D0CC0020E6B3A2E789B9E78E873A20005B424D90
:10D0DC0035335D20E58F91E98081E997B4E99A9425
:10D0EC003A2000E5BF83E8B7B300E68FA1E6898B51
:10D0FC0000E8AEBEE5A487E4BFA1E681AF00E5BCC5
:10D10C0080E5A78BE6B2BBE7969700E5819CE6AD80
:10D11C00A2E6B2BBE7969700E7B4A7E680A5E58147
:10D12C009CE6ADA200E8AEBEE7BDAEE6A8A1E5BCAC
:10D13C008F00E8AEBEE7BDAEE5BCBAE5BAA600E826
:10D14C00AEBEE7BDAEE697B6E995BF00E69A82E5BE
:10D15C00819CE6B2BBE7969700E7BBA7E7BBADE6C1
:10D16C00B2BBE7969700E98080E587BAE680A5E533
:10D17C00819C00E888B5E69CBAE68EA7E588B600E7
:10D18C00E888B5E69CBAE5BD92E4BD8D00E794B5A0
:10D19C00E69CBAE59B9EE99BB600E794B5E69CBA83
:10D1AC00E6ADA5E8BF9B00E8AFBBE58F96E4BD8D6F
:10D1BC00E7BDAE00E8AEBEE7BDAEE697B6E997B404
:10D1CC0000E58E8BE58A9BE695B0E68DAE00E6B069
:10D1DC00B4E882BFE695B0E68DAE00E794B5E69C68
:10D1EC00BAE78AB6E6808100E6B2BBE79697E8BF5D
:10D1FC009BE5BAA6004E414B004475616C2046720B
:10D20C006571205A204D657465720032306B3A009E
:10D21C0035306B3A00523A0043616C2053756363AE
:10D22C00657373210032306B2B35306B2052656186
:10D23C006479005374617274204D65617375726505
:10D24C002E2E2E005BE697B6E997B4E688B35D20E8
:10D25C00E6A8A1E59D97E5889DE5A78BE58C96E56D
:10D26C00AE8CE68890EFBC8CE7AD89E5BE85E4B862
:10D27C008AE4BD8DE69CBAE5908CE6ADA52E2E2EEB
:10D28C00005BE697B6E997B4E688B35D20E697B6FF
:10D29C00E997B4E5908CE6ADA5E68890E58A9F3ACF
:10D2AC0020002028556E6978E7A79229000000001D
:10D2BC00B4D5000077D50000ADD50000B9D500007D
:10D2CC00C8D50000E4BCB8E587BA00E694B6E59B87
:10D2DC009E005B424D35335D20E68FA1E6898BE5E0
:10D2EC00938DE5BA940076312E302E30005265685D
:10D2FC0061624465766963653031005B424D35335C
:10D30C005D20E8AEBEE5A487E4BFA1E681AFE5935E
:10D31C008DE5BA94005B424D35335D20E5BC80E56C
:10D32C00A78BE6B2BBE79697E8A2ABE68B92E7BB7E
:10D33C009D3A20E680A5E5819CE78AB6E6808100CF
:10D34C005B424D35335D20E6B2BBE79697E5BC807A
:10D35C00E5A78B202D20E697B6E995BF3A00E58826
:10D36C0086E9929F005B424D35335D20E6B2BBE708
:10D37C009697E69A82E5819C005B424D35335D20A1
:10D38C00E69A82E5819CE8A2ABE68B92E7BB9D3ADC
:10D39C0020E99D9EE8BF90E8A18CE78AB6E68081E3
:10D3AC00005B424D35335D20E6B2BBE79697E7BB99
:10D3BC00A7E7BBAD005B424D35335D20E7BBA7E76C
:10D3CC00BBADE8A2ABE68B92E7BB9D3A20E99D9EF4
:10D3DC00E69A82E5819CE78AB6E68081005B424D45
:10D3EC0035335D20E6B2BBE79697E5819CE6ADA2AE
:10D3FC00005B424D35335D2021212120E7B4A7E6A7
:10D40C0080A5E5819CE6ADA220212121005B424D47
:10D41C0035335D20E98080E587BAE680A5E5819CFF
:10D42C00E78AB6E68081005B424D35335D20E980AA
:10D43C0080E587BAE680A5E5819CE8A2ABE68B92F5
:10D44C00E7BB9D3A20E99D9EE680A5E5819CE78A95
:10D45C00B6E68081005B424D35335D20E8AEBEE719
:10D46C00BDAEE6A8A1E5BC8F3A20005B424D35333A
:10D47C005D20E8AEBEE7BDAEE5BCBAE5BAA63A2083
:10D48C000025005B424D35335D20E8AEBEE7BDAEF6
:10D49C00E697B6E995BF3A20005B424D35335D20E7
:10D4AC00E689A7E8A18CE794B5E69CBAE59B9EE9D2
:10D4BC009BB62E2E2E005B424D35335D20E794B586
:10D4CC00E69CBAE59B9EE99BB6E5AE8CE68890009F
:10D4DC005B424D35335D20E58F8CE794B5E69CBA05
:10D4EC00E5908CE6ADA5E6ADA5E8BF9B20E696B928
:10D4FC00E590913D0020E6ADA5E695B03D0020E914
:10D50C00809FE5BAA63D005B424D35335D20E79424
:10D51C00B5E69CBAE4BD8DE7BDAE2049443D00287C
:10D52C00E5AE9EE99985E69FA534E58FB7290020E5
:10D53C00E4BD8DE7BDAE3D005B424D35335D20E66D
:10D54C009CAAE79FA5E591BDE4BBA43A20307800E6
:10D55C00554E4B4E4F574E005BE78AB6E68081E640
:10D56C009CBA5D200020E28692200052554E4E4916
:10D57C004E47005BE78AB6E68081E69CBA5D20E404
:10D58C00BB8EE69A82E5819CE681A2E5A48DEFBC78
:10D59C008CE4BB8EE696ADE782B9E7BBA7E7BBADE3
:10D5AC00005041555345440049444C4500454D45B8
:10D5BC005247454E43595F53544F5000434F4D50C3
:10D5CC004C4554454400000102030405546F5F614F
:10D5DC00726D2F41545F41524D004261636B2F417C
:10D5EC00545F4241434B005265636F6E6E656374CA
:10D5FC0065640053656E6420535441525420746F1B
:10D60C0000726573756D6520746865726170790060
:10D61C005BE69A82E5819C5D20E591A8E69C9FE7FC
:10D62C008AB6E68081E5B7B2E4BF9DE5AD980020EF
:10D63C00206973546F41726D50686173653D0020B1
:10D64C00206D6F746F724D6F76696E673D00202090
:10D65C006379636C65456C61707365643D005BE672
:10D66C0081A2E5A48D5D20E9878DE696B0E689A7B9
:10D67C00E8A18C546F5F61726D005BE681A2E5A43A
:10D68C008D5D20E9878DE696B0E689A7E8A18C62CE
:10D69C0061636B005BE681A2E5A48D5D20E588B03B
:10D6AC00E4BD8DE78AB6E68081EFBC8CE7AB8BE5F9
:10D6BC008DB3E689A7E8A18C4261636B005BE681C0
:10D6CC00A2E5A48D5D20E588B0E4BD8DE78AB6E6C1
:10D6DC008081EFBC8CE7AB8BE58DB3E689A7E8A125
:10D6EC008C546F5F61726D005B494E464F5D20E656
:10D6FC00B2BBE79697E681A2E5A48DEFBC8CE69AC7
:10D70C0082E5819CE697B6E995BF3A200020E7A711
:10D71C0092005B494E464F5D20E4BB8EE696ADE72A
:10D72C0082B9E7BBA7E7BBADEFBC8CE5BD93E58940
:10D73C008DE998B6E6AEB53A2000206D6F746F7225
:10D74C0050686173653D000A3D3D3D3D3D3D3D3DAD
:10D75C003D3D20546F5F61726D20E998B6E6AEB521
:10D76C00203D3D3D3D3D3D3D3D3D3D005BE588B0B3
:10D77C00E4BD8D5D20E5B7B2E588B0E8BEBEE4BC83
:10D78C00B8E587BAE4BD8DE7BDAEEFBC8CE7AB8BDB
:10D79C00E58DB3E58887E68DA2E588B04261636BC1
:10D7AC00000A3D3D3D3D3D3D3D3D3D3D20426163DB
:10D7BC006B20E998B6E6AEB5203D3D3D3D3D3D3D87
:10D7CC003D3D3D005BE8B685E697B65D20546F5F46
:10D7DC0061726DE588B0E4BD8DE6A380E6B58BE89B
:10D7EC00B685E697B6EFBC8CE5BCBAE588B6E5889D
:10D7FC0087E68DA2E588B04261636B000A3D3D3D32
:10D80C003D3D3D3D3D3D3D204261636B20E998B679
:10D81C00E6AEB528E8B685E697B6E8A7A6E58F91FB
:10D82C0029203D3D3D3D3D3D3D3D3D3D005BE58879
:10D83C00B0E4BD8D5D20E5B7B2E588B0E8BEBEE6CC
:10D84C0094B6E59B9EE4BD8DE7BDAEEFBC8CE7AB1B
:10D85C008BE58DB3E58887E68DA2E588B0546F5FC4
:10D86C0061726D000A3D3D3D3D3D3D3D3D3D3D20E0
:10D87C00E696B0E591A8E69C9F20546F5F61726DAF
:10D88C0020E998B6E6AEB5203D3D3D3D3D3D3D3DE4
:10D89C003D3D005BE8B685E697B65D204261636B63
:10D8AC00E588B0E4BD8DE6A380E6B58BE8B685E6E9
:10D8BC0097B6EFBC8CE5BCBAE588B6E58887E68DF3
:10D8CC00A2E588B0546F5F61726D000A3D3D3D3D2D
:10D8DC003D3D3D3D3D3D20E696B0E591A8E69C9F43
:10D8EC0020546F5F61726D20E998B6E6AEB528E8FA
:10D8FC00B685E697B6E8A7A6E58F9129203D3D3D74
:10D90C003D3D3D3D3D3D3D005BE8ADA6E5918A5D6D
:10D91C0020E58F91E98081E9989FE58897E7A7AF8B
:10D92C00E58E8B3A200020E4B8AAE58C85003D3DBD
:10D93C003D3D3D3D3D3D3D3D20E7B3BBE7BB9FE558
:10D94C00889DE5A78BE58C96203D3D3D3D3D3D3DBD
:10D95C003D3D3D005B4F4B5D20E6ADA5E8BF9BE731
:10D96C0094B5E69CBA005B4F4B5D20E888B5E69C0D
:10D97C00BA005B4F4B5D20E58E8BE58A9BE4BCA027
:10D98C00E6849FE599A8005B4552524F525D204FAB
:10D99C004C454420E5889DE5A78BE58C96E5A4B124
:10D9AC00E8B4A521005B4F4B5D204F4C4544005B18
:10D9BC004552524F525D2041443539333320E5886E
:10D9CC009DE5A78BE58C96E5A4B1E8B4A5005B4F6B
:10D9DC004B5D20414435393333005B4F4B5D204266
:10D9EC004D353320E9809AE4BFA1E58D8FE8AEAECA
:10D9FC00005B4F4B5D20E6B2BBE79697E78AB6E635
:10DA0C008081E69CBA005B4F4B5D20E695B0E68DBD
:10DA1C00AEE4B88AE68AA5E6A8A1E59D97005B4F1F
:10DA2C004B5D20E697B6E997B4E688B3E6A8A1E586
:10DA3C009D97005B494E464F5D20E5BC80E5A78B6A
:10DA4C00E794B5E69CBAE59B9EE99BB62E2E2E007C
:10DA5C005B4F4B5D20E794B5E69CBAE59B9EE99B3A
:10DA6C00B6E5AE8CE68890003D3D3D3D3D3D3D3DEF
:10DA7C003D3D20E4BDBFE794A8E5AE8FE5AE9AE44A
:10DA8C00B989E6A0A1E58786E7B3BBE695B0203D52
:10DA9C003D3D3D3D3D3D3D3D3D0053797374656DD0
:10DAAC002052656164790057616974696E672066FC
:10DABC006F7220636D642E2E2E003D3D3D3D3D3D2D
:10DACC003D3D3D3D20E7B3BBE7BB9FE590AFE58A0D
:10DADC00A8203D3D3D3D3D3D3D3D3D3D00E7AD89F3
:10DAEC00E5BE85E4B88AE4BD8DE69CBAE68C87E495
:10DAFC00BBA42E2E2E004C4F5728E5B7B2E59CA8A0
:10DB0C00E99BB6E782B929004849474828E99C8037
:10DB1C00E8A681E59B9EE99BB629000A3D3D3D3D6B
:10DB2C003D3D3D3D3D3D20E5BC80E5A78BE59B9E05
:10DB3C00E99BB6203D3D3D3D3D3D3D3D3D3D0044D9
:10DB4C00342832E58FB7E794B5E69CBAE99990E4AE
:10DB5C00BD8D29E5889DE5A78BE794B5E5B9B33A6A
:10DB6C00200044352834E58FB7E794B5E69CBAE934
:10DB7C009990E4BD8D29E5889DE5A78BE794B5E5E3
:10DB8C00B9B33A200032E58FB7E794B5E69CBA3AC0
:10DB9C0020E5B7B2E59CA8E99BB6E782B9EFBC8C4F
:10DBAC00E79BB4E68EA5E6B885E99BB6E4BD8DE7A8
:10DBBC00BDAE0032E58FB7E794B5E69CBA3A20E5E6
:10DBCC00BC80E5A78BE58F8DE8BDACE59B9EE99B02
:10DBDC00B62E2E2E2000E9809FE5BAA6E591BDE475
:10DBEC00BBA4E5B7B2E58F91E980810034E58FB72E
:10DBFC00E794B5E69CBA3A20E5BC80E5A78BE58FA7
:10DC0C008DE8BDACE59B9EE99BB62E2E2E2000E543
:10DC1C00BC80E5A78BE79B91E6B58BE99990E4BDB9
:10DC2C008D28E8B685E697B6E697B6E997B43A201C
:10DC3C00006D73292E2E2E0032E58FB7E794B5E6D2
:10DC4C009CBA3A20E99990E4BD8DE8A7A6E58F919E
:10DC5C00EFBC8CE7AB8BE58DB3E5819CE6ADA2E523
:10DC6C00B9B6E6B885E99BB6E4BD8DE7BDAE003428
:10DC7C00E58FB7E794B5E69CBA3A20E99990E4BDF4
:10DC8C008DE8A7A6E58F91EFBC8CE7AB8BE58DB348
:10DC9C00E5819CE6ADA2E5B9B6E6B885E99BB6E4AC
:10DCAC00BD8DE7BDAE0032E58FB7E794B5E69CBA03
:10DCBC003A20E59B9EE99BB6E5AE8CE68890003455
:10DCCC00E58FB7E794B5E69CBA3A20E59B9EE99BB5
:10DCDC00B6E5AE8CE68890003D3D3D3D3D3D3D3D7D
:10DCEC003D3D20E585A8E983A8E59B9EE99BB6E52B
:10DCFC00AE8CE68890203D3D3D3D3D3D3D3D3D3D5E
:10DD0C000A0021212120E59B9EE99BB6E8B685E619
:10DD1C0097B62021212120E5BCBAE588B6E5819C87
:10DD2C00E6ADA20034E58FB7E794B5E69CBA3A208D
:10DD3C00E5B7B2E59CA8E99BB6E782B9EFBC8CE7E6
:10DD4C009BB4E68EA5E6B885E99BB6E4BD8DE7BD30
:10DD5C00AE003D3D3D3D3D3D3D3D3D3D20E59B9E69
:10DD6C00E99BB6E5AE8CE6889028E585A8E983A802
:10DD7C00E5B7B2E59CA8E99BB6E782B929203D3D01
:10DD8C003D3D3D3D3D3D3D3D0A005BE794B5E69C88
:10DD9C00BA5D20E58F8CE794B5E69CBAE5908CE6ED
:10DDAC00ADA5E6ADA5E8BF9B3A20E696B9E5909106
:10DDBC003D0052504D005BE588B0E4BD8D5D20E820
:10DDCC00BF90E58AA8E8B685E697B6EFBC8CE5BCB3
:10DDDC00BAE588B6E8AEA4E4B8BAE588B0E4BD8D7F
:10DDEC00005BE8BDAEE8AFA25D20E794B5E69CBA57
:10DDFC003078303420E588B0E4BD8D3D005BE5889B
:10DE0C00B0E4BD8D5D20E588B0E4BD8DE78AB6E653
:10DE1C008081E6A087E8AEB0E4B8BAE5BE85E9AA91
:10DE2C008CE8AF81005BE794B5E69CBA5D20E8BF57
:10DE3C0090E58AA8E5BC80E5A78BEFBC8CE6B8859D
:10DE4C00E7A9BAE7BC93E586B2E5B9B6E5B18FE8C8
:10DE5C0094BDE588B0E4BD8DE6A380E6B58B323089
:10DE6C00306D7300E698AF00E590A6005BE78AB6CC
:10DE7C00E680815D20E794B5E69CBA30780020E519
:10DE8C008E9FE5A78BE78AB6E680813D307800202F
:10DE9C00E4BDBFE883BD3D0020E5A0B5E8BDAC3DC9
:10DEAC000020E5A0B5E8BDACE4BF9DE68AA43D002A
:10DEBC000000000000000000F97F0000A5850000B4
:10DECC00CD480000458000007D850000F5860000EF
:10DEDC000D80000000000000003E5B4F5B3E3E6B7F
:10DEEC004F6B3E1C3E7C3E1C183C7E3C181C577DE8
:10DEFC00571C1C5E7F5E1C00183C1800FFE7C3E734
:10DF0C00FF0018241800FFE7DBE7FF30483A060E45
:10DF1C002629792926407F050507407F05253F5A8C
:10DF2C003CE73C5A7F3E1C1C08081C1C3E7F1422FC
:10DF3C007F22145F5F005F5F06097F017F006689A7
:10DF4C00956A606060606094A2FFA29408047E04ED
:10DF5C000810207E201008082A1C08081C2A080813
:10DF6C001E101010100C1E0C1E0C30383E383006D3
:10DF7C000E3E0E06000000000000005F00000007CF
:10DF8C00000700147F147F14242A7F2A12231308FD
:10DF9C00646236495620500008070300001C2241D9
:10DFAC00000041221C002A1C7F1C2A08083E08087D
:10DFBC00008070300008080808080000606000202D
:10DFCC00100804023E5149453E00427F4000724910
:10DFDC004949462141494D331814127F10274545B4
:10DFEC0045393C4A494931412111090736494949CA
:10DFFC0036464949291E0000140000004034000038
:10E00C0000081422411414141414004122140802A0
:10E01C00015909063E415D594E7C1211127C7F4913
:10E02C004949363E414141227F4141413E7F494968
:10E03C0049417F090909013E414151737F08080894
:10E04C007F00417F41002040413F017F0814224165
:10E05C007F404040407F021C027F7F0408107F3EBF
:10E06C004141413E7F090909063E4151215E7F092C
:10E07C00192946264949493203017F01033F404093
:10E08C00403F1F2040201F3F4038403F631408147E
:10E09C006303047804036159494D43007F414141B6
:10E0AC000204081020004141417F04020102044097
:10E0BC0040404040000307080020545478407F281B
:10E0CC004444383844444428384444287F38545411
:10E0DC00541800087E090218A4A49C787F08040434
:10E0EC007800447D40002040403D007F10284400D3
:10E0FC0000417F40007C047804787C080404783864
:10E10C0044444438FC1824241818242418FC7C0893
:10E11C00040408485454542404043F44243C404010
:10E12C00207C1C2040201C3C4030403C44281028C3
:10E13C00444C9090907C4464544C4400083641000C
:10E14C000000770000004136080002010204023C86
:10E15C002623263C1EA1A161123A4040207A385455
:10E16C0054555921555579412254547842215554CE
:10E17C00784020545579400C1E5272123955555521
:10E18C0059395454545939555454580000457C410C
:10E19C000002457D420001457C407D1211127DF04C
:10E1AC00282528F07C545545002054547C547C0A76
:10E1BC00097F4932494949323A4444443A324A483F
:10E1CC0048303A4141217A3A42402078009DA0A043
:10E1DC007D3D4242423D3D4040403D3C24FF242495
:10E1EC00487E4943662B2FFC2F2BFF0929F620C0B4
:10E1FC00887E090320545479410000447D41304805
:10E20C00484A32384040227A007A0A0A727D0D1947
:10E21C00317D2629292F28262929292630484D40A9
:10E22C0020380808080808080808382F10C8ACBAA5
:10E23C002F102834FA00007B000008142A14222224
:10E24C00142A14085500550055AA55AA55AAFF556D
:10E25C00FF55FF000000FF00101010FF00141414F5
:10E26C00FF001010FF00FF1010F010F0141414FC3D
:10E27C00001414F700FF0000FF00FF1414F404FC5A
:10E28C00141417101F10101F101F1414141F00103B
:10E29C001010F0000000001F101010101F101010B4
:10E2AC0010F010000000FF101010101010101010C3
:10E2BC00FF10000000FF140000FF00FF00001F1003
:10E2CC00170000FC04F414141710171414F404F4BD
:10E2DC000000FF00F714141414141414F700F714AE
:10E2EC001414171410101F101F141414F4141010FD
:10E2FC00F010F000001F101F0000001F14000000A1
:10E30C00FC140000F010F01010FF10FF141414FF98
:10E31C00141010101F00000000F010FFFFFFFFFF93
:10E32C00F0F0F0F0F0FFFFFF0000000000FFFF0F27
:10E33C000F0F0F0F3844443844FC4A4A4A347E02CB
:10E34C00020606027E027E0263554941633844444C
:10E35C003C04407E201E2006027E020299A5E7A501
:10E36C00991C2A492A1C4C7201724C304A4D4D3072
:10E37C003048784830BC625A463D3E494949007E97
:10E38C000101017E2A2A2A2A2A44445F444440512E
:10E39C004A444040444A51400000FF0103E080FFE2
:10E3AC00000008086B6B083612362436060F090F6E
:10E3BC0006000018180000001010003040FF01018A
:10E3CC00001F01011E00191D1712003C3C3C3C00B3
:10E3DC000000000000000000000000000598000094
:10E3EC00D3480000CD480000D1480000414C00004B
:10E3FC00EB910000ED91000017920000F7910000E6
:10E40C000792000025910000EB9100001994000088
:10E41C008D9300002F9200006B920000A7920000D9
:10E42C00F39200008F9300000D9300000000000099
:10E43C0000000000759A0000F19E0000899A00000F
:10E44C00D1480000C59E0000CF9E0000AD9A000090
:10E45C007D9F000000000000000180000000000013
:10E46C000000000003800000000000000000000716
:10E47C00C000000000000000000007C00000000009
:10E48C0000000000000FC0000000000000000000B1
:10E49C001FE00000000000000000001FE000000072
:10E4AC000000000000003FE0000000000000000041
:10E4BC00003FF00000000000000000007FF00000B2
:10E4CC0000000000001FF87FF000000000000000BA
:10E4DC003FFE7FF0000000000000003FFF7FF000D7
:10E4EC000000000000001FFFFBE000000000000027
:10E4FC00000FFFF9FFC00000000000000FFFF9FF44
:10E50C00F800000000000007FFF1FFFF0000000012
:10E51C00000003FC73FFFF80000000000001FE3FC1
:10E52C00FFFF80000000000000FF1E0FFF00000036
:10E53C00000000007FFE1FFC000000000000003FF8
:10E54C00FFFFF8000000000000000FDFFFE00000FC
:10E55C0000000000001F19FFC000000000000000B8
:10E56C003F3CFF00000000000000007E7CF8000033
:10E57C000000000000007FFE7C0000000000000096
:10E58C0000FFFFFC0000000000000000FFFFFE0089
:10E59C0000000000000000FFFFFE00000000000073
:10E5AC000001FFEFFE0000000000000001FFCFFEA5
:10E5BC000000000000000003FF07FE000000000048
:10E5CC00000003FC07FE0000000000000003F00345
:10E5DC00FE00000000000000018000FE00000000B2
:10E5EC000000000000007E000000000000000000A1
:10E5FC00003E000000000000000000000C000000C5
:10E60C00000000078000FC000003C0000000078031
:10E61C0001FC000003C0000000078001FC000003A7
:10E62C00C0000000078001E00000001E0000000791
:10E63C008001E00000001E007FE3F79FF9FDE77802
:10E64C007BDFC0FFF7FFBFFDFDFF787BDFC0FFF76F
:10E65C00FFBFFDFDFF787BDFC0F0F787BC3DE1FF1E
:10E66C00787BDE00F0F787BC3DE1F0787BDE0000C4
:10E67C00F787803DE1E0787BDE007FF7879FFDE147
:10E68C00E0787BDE00FFF787BFFDE1E0787BDE0002
:10E69C00F0F787BC3DE1E0787BDE00F0F787BC3D0E
:10E6AC00E1E0787BDE00F0F787BC3DE1E0787BDED3
:10E6BC0000FFF7FFBFFDE1E07FFBDFC0FFF7FFBF0F
:10E6CC00FDE1E07FFBDFC07CF3F39F3DE1E03E7BAF
:10E6DC00CFC00000000000000000000000FFFFFFA2
:10E6EC00FFFFFFFFFFFFFFC0FFFFFFFFFD68DB1118
:10E6FC001A31C0FFFFFFFFFD2B5AFB6AEFC0FFFF73
:10E70C00FFFFFD4B5B3B1A33C0FFFFFFFFFD6B5B55
:10E71C00DB6AFDC00000600000000000000000008B
:10E72C000000000000E000000000000000000000FD
:10E73C0000000001E00000000000000000000000EC
:10E74C00000001F0000000000000000000000000CC
:10E75C000003F000000000000000000000000000BA
:10E76C0007F000000000000000000000000000079F
:10E77C00F8000000000000000000000000000FF88E
:10E78C0000000003C0007E000001E0007F0FF800D5
:10E79C00000003C000FE000001E000FFEFF80000E5
:10E7AC000003C000FE000001E000FFFFF8000000C5
:10E7BC0003C000F00000000F007FFE7FC0000003CC
:10E7CC00C000F00000000F003FFE7FF83FF1FBCFD0
:10E7DC00FCFEF3BC3DEFE01FFE7FFF7FFBFFDFFE87
:10E7EC00FEFFBC3DEFE01FC6FFFF7FFBFFDFFEFE21
:10E7FC00FFBC3DEFE00FE3C7FE787BC3DE1EF0FFEE
:10E80C00BC3DEF0007FF87FC787BC3DE1EF0F83CB5
:10E81C003DEF0001FFFFF0007BC3C01EF0F03C3D5C
:10E82C00EF0001F37FE03FFBC3CFFEF0F03C3DEF88
:10E83C000003E33F807FFBC3DFFEF0F03C3DEF00C5
:10E84C0007E73C00787BC3DE1EF0F03C3DEF000791
:10E85C00FFBE00787BC3DE1EF0F03C3DEF0007FFEF
:10E86C00FE00787BC3DE1EF0F03C3DEF000FFFFE98
:10E87C00007FFBFFDFFEF0F03FFDEFE00FFFFF003E
:10E88C007FFBFFDFFEF0F03FFDEFE00FF9FF003EF6
:10E89C0079F9CF9EF0F01F3DE7E01FF1FF0000007B
:10E8AC000000000000000000001F80FF007FFFFF41
:10E8BC00FFFFFFFFFFFFFFE01C007F007FFFFFFF5C
:10E8CC00FEB46D888D18E000001F007FFFFFFFFE77
:10E8DC0095AD7DB577E000000F007FFFFFFFFEA533
:10E8EC00AD9D8D19E0000006007FFFFFFFFEB5AD6A
:10E8FC00EDB57EE00000000000000000059800006F
:10E90C00D3480000CD480000D1480000D1A1000040
:10E91C00EB910000ED91000017920000F7910000C0
:10E92C000792000025910000EB9100001994000063
:10E93C0099A3000037AA0000E9A90000A7920000E3
:10E94C00F39200008F9300000D9300000080C0E054
:10E95C00F0F8FCFE000103070F1F3F7FAED580A827
:10E96C00D300408D2000A1C8DB40A4A62EAF22000E
:10E97C00FF21000010080000201000000F400000D4
:10E98C00301800000F5800000F5000000F0000005E
:10E99C000F0000000F1000000F2000000F300000CF
:10E9AC000F2100000F3100000F0300000F33000097
:10E9BC000F0400000F0500000F1200000F110000E3
:10E9CC000F1100000F1200000F1300000F91000038
:10E9DC000F2200000F2100000FA100000F05000006
:10E9EC000F0200000F0100000F8100000F05000056
:10E9FC000F2000000F0400000F3000000F05000076
:10EA0C00811600000F060000009004401413120041
:10EA1C0000800440131514010080044013181701E2
:10EA2C0000800440131B1C010080044013020301EE
:10EA3C000090044014080900A0FF000180FF0700AB
:10EA4C0001FF020111FF040121FF060131FF080142
:10EA5C0041FF080051FFFF00E0FF0A01F0FF0C012D
:10EA6C00A2FF000082FF0E0192FF1001B2FF010015
:10EA7C001200120132011301430206002203FF00AF
:10EA8C005204FF004205FF00D2FFFF00C2FFFF004F
:10EA9C00C1FFFF00F2FF0900E2FF050061FF040067
:10EAAC00B0FFFF0040FFFF0050FFFF0070FFFF00B2
:10EABC000006FF00004004400A0D0B0C1604050173
:10EACC00004000401D1B1C1A1502030000000E40E4
:10EADC00040506070B000102000000401718010096
:10EAEC0000000000001004401A1E15140100000064
:10EAFC00002004401A0A181702000000000004400D
:10EB0C00181A1B1C03000000002000401908040503
:10EB1C000400000000000040171802030000000071
:10EB2C00001004401A1E06070100000000100440EB
:10EB3C001A1E0B0C010000000000004017181312E5
:10EB4C000000000073717274000000004FBB61057F
:10EB5C0067ACDD3F182D4454FB21E93F9BF681D275
:10EB6C000B73EF3F182D4454FB21F93FE2652F2224
:10EB7C007F2B7A3C075C143326A6813CBDCBF07A04
:0CEB8C008807703C075C143326A6913CFF
:08EB98003C1AFF7F01000000A0
:10EBA00047320000E90000005D3800000148000025
:10EBB000C9660000C57500000D890000A9A100000C
:04EBC000C100000090
:10EBC4000000000000C20100000008000100000075
:10EBD4000100000001000000010000001CCE000044
:10EBE40020CE000030CE0000C000002009024B00FF
:10EBF4000201008032080B00020202000009040036
:10EC0400000102020100052400100104240202058F
:10EC14002406000105240100010705820308000001
:10EC240009040100020A0000000705030240000075
:10EC34000705810240000000000000000000000001
:10EC440000000000000000000000000000000000C0
:10EC540000000000000000000000000000000000B0
:10EC6400000000000000000000000000120110017C
:10EC740000000040D9046980000101020301000082
:10EC8400140353004E0030003000300030003000D8
:10EC940030003100010000321E00000001000000BD
:10ECA400FFFFFFFFFFFFFFFFFFFFFFFFFFFF00FF6F
:10ECB400666B000001000000008793030100000060
:10ECC400040100200000000000000000000000001B
:10ECD4000000000000000000000000000000000030
:10ECE4000000000000000000000000000000000020
:10ECF4000000000000000000000000000000000010
:10ED040000000000000000000000000000000000FF
:10ED140000000000000000000000000000000000EF
:04ED240000000000EB
:040000030000AE1D2E
:00000001FF
